community_area,NAME,0-17,18-24,25-34,35-44,45-54,55-64,65-74,75+,state,county,population,period
ALBANY PARK,"Census Tract 1401, Cook County, Illinois",13685.0,6133.0,10401.0,8176.0,6474.0,4025.0,2062.0,1701.0,17,31,52657.0,2005-2009
ARCHER HEIGHTS,"Census Tract 5701, Cook County, Illinois",3643.0,1430.0,2112.0,1373.0,1261.0,1290.0,581.0,625.0,17,31,12315.0,2005-2009
ARMOUR SQUARE,"Census Tract 3401, Cook County, Illinois",2772.0,1275.0,1360.0,2222.0,1766.0,1635.0,1165.0,1540.0,17,31,13735.0,2005-2009
ASHBURN,"Census Tract 7001, Cook County, Illinois",13027.0,5092.0,5527.0,6364.0,6325.0,4170.0,2008.0,2114.0,17,31,44627.0,2005-2009
AUBURN GRESHAM,"Census Tract 7101, Cook County, Illinois",15094.0,6162.0,6575.0,6592.0,7932.0,5520.0,4171.0,3212.0,17,31,55258.0,2005-2009
AUSTIN,"Census Tract 2501, Cook County, Illinois",28453.0,10774.0,15662.0,12009.0,14536.0,11127.0,6654.0,4089.0,17,31,103304.0,2005-2009
AVALON PARK,"Census Tract 4501, Cook County, Illinois",2599.0,781.0,969.0,1491.0,1728.0,1135.0,968.0,749.0,17,31,10420.0,2005-2009
AVONDALE,"Census Tract 2101, Cook County, Illinois",9866.0,4876.0,8751.0,7032.0,4785.0,3729.0,1746.0,1402.0,17,31,42187.0,2005-2009
BELMONT CRAGIN,"Census Tract 1901, Cook County, Illinois",24557.0,9338.0,13801.0,11270.0,10121.0,6496.0,3224.0,2641.0,17,31,81448.0,2005-2009
BEVERLY,"Census Tract 7201, Cook County, Illinois",6260.0,1538.0,2144.0,3373.0,4131.0,3307.0,1362.0,1347.0,17,31,23462.0,2005-2009
BRIDGEPORT,"Census Tract 6001, Cook County, Illinois",7087.0,2684.0,5485.0,5085.0,4427.0,3488.0,2567.0,1571.0,17,31,32394.0,2005-2009
BRIGHTON PARK,"Census Tract 5801, Cook County, Illinois",15650.0,4962.0,8788.0,5334.0,4926.0,3105.0,1309.0,1313.0,17,31,45387.0,2005-2009
BURNSIDE,"Census Tract 4701, Cook County, Illinois",1324.0,447.0,457.0,539.0,257.0,545.0,331.0,238.0,17,31,4138.0,2005-2009
CALUMET HEIGHTS,"Census Tract 4801, Cook County, Illinois",3309.0,1381.0,1901.0,1898.0,2070.0,2456.0,1851.0,1565.0,17,31,16431.0,2005-2009
CHATHAM,"Census Tract 4401, Cook County, Illinois",8901.0,3018.0,5471.0,4625.0,5911.0,3658.0,2358.0,2642.0,17,31,36584.0,2005-2009
CHICAGO LAWN,"Census Tract 6601, Cook County, Illinois",18950.0,6457.0,8475.0,7136.0,7204.0,4117.0,2075.0,1605.0,17,31,56019.0,2005-2009
CLEARING,"Census Tract 6401, Cook County, Illinois",5990.0,2241.0,3848.0,3340.0,3476.0,2440.0,1557.0,1591.0,17,31,24483.0,2005-2009
DOUGLAS,"Census Tract 3501, Cook County, Illinois",3774.0,4277.0,3401.0,2308.0,2687.0,2049.0,1190.0,1860.0,17,31,21546.0,2005-2009
DUNNING,"Census Tract 1701, Cook County, Illinois",9174.0,3675.0,5886.0,6433.0,7231.0,5110.0,3222.0,3933.0,17,31,44664.0,2005-2009
EAST GARFIELD PARK,"Census Tract 2701, Cook County, Illinois",6753.0,2804.0,2739.0,2527.0,2563.0,1386.0,1111.0,1032.0,17,31,20915.0,2005-2009
EAST SIDE,"Census Tract 5201, Cook County, Illinois",8997.0,2672.0,3545.0,3180.0,3553.0,1998.0,1294.0,1369.0,17,31,26608.0,2005-2009
EDGEWATER,"Census Tract 301, Cook County, Illinois",7254.0,7275.0,13052.0,9845.0,8440.0,5783.0,3077.0,3120.0,17,31,57846.0,2005-2009
EDISON PARK,"Census Tract 901, Cook County, Illinois",2285.0,566.0,1952.0,1977.0,1959.0,930.0,846.0,1200.0,17,31,11715.0,2005-2009
ENGLEWOOD,"Census Tract 6801, Cook County, Illinois",11485.0,3891.0,4611.0,4296.0,4120.0,2604.0,2173.0,2006.0,17,31,35186.0,2005-2009
FOREST GLEN,"Census Tract 1201, Cook County, Illinois",5606.0,1206.0,2012.0,3154.0,3669.0,3015.0,2093.0,2662.0,17,31,23417.0,2005-2009
FULLER PARK,"Census Tract 3701, Cook County, Illinois",689.0,327.0,311.0,398.0,621.0,397.0,245.0,329.0,17,31,3317.0,2005-2009
GAGE PARK,"Census Tract 6301, Cook County, Illinois",14225.0,4768.0,6694.0,5301.0,4063.0,2573.0,1066.0,1291.0,17,31,39981.0,2005-2009
GARFIELD RIDGE,"Census Tract 8208, Cook County, Illinois",10133.0,3257.0,6081.0,5074.0,5379.0,3962.0,2815.0,3143.0,17,31,39844.0,2005-2009
GRAND BOULEVARD,"Census Tract 3801, Cook County, Illinois",6202.0,1719.0,3244.0,3645.0,2292.0,2052.0,1399.0,1224.0,17,31,21777.0,2005-2009
GREATER GRAND CROSSING,"Census Tract 6901, Cook County, Illinois",10767.0,3775.0,4795.0,4268.0,4790.0,4080.0,2115.0,2875.0,17,31,37465.0,2005-2009
HEGEWISCH,"Census Tract 5501, Cook County, Illinois",2856.0,778.0,1824.0,1250.0,1610.0,1019.0,913.0,630.0,17,31,10880.0,2005-2009
HERMOSA,"Census Tract 2001, Cook County, Illinois",8027.0,3088.0,3841.0,4130.0,3211.0,2058.0,1092.0,613.0,17,31,26060.0,2005-2009
HUMBOLDT PARK,"Census Tract 2301, Cook County, Illinois",18211.0,6866.0,9687.0,6486.0,7109.0,4795.0,2763.0,1846.0,17,31,57763.0,2005-2009
HYDE PARK,"Census Tract 4101, Cook County, Illinois",3998.0,4901.0,5403.0,4034.0,3273.0,2397.0,2041.0,1557.0,17,31,27604.0,2005-2009
IRVING PARK,"Census Tract 1608, Cook County, Illinois",14197.0,3932.0,12549.0,9491.0,7531.0,5612.0,2543.0,2555.0,17,31,58410.0,2005-2009
JEFFERSON PARK,"Census Tract 1101, Cook County, Illinois",5798.0,2530.0,4468.0,4527.0,4192.0,2972.0,1875.0,2450.0,17,31,28812.0,2005-2009
KENWOOD,"Census Tract 3901, Cook County, Illinois",3760.0,1321.0,3298.0,2407.0,2430.0,2053.0,1315.0,1286.0,17,31,17870.0,2005-2009
LAKE VIEW,"Census Tract 601, Cook County, Illinois",9570.0,11826.0,34986.0,14858.0,8573.0,5583.0,2940.0,3476.0,17,31,91812.0,2005-2009
LINCOLN PARK,"Census Tract 701, Cook County, Illinois",9020.0,13379.0,19561.0,10059.0,6994.0,5652.0,2458.0,2395.0,17,31,69518.0,2005-2009
LINCOLN SQUARE,"Census Tract 401, Cook County, Illinois",7214.0,3297.0,10381.0,7646.0,4854.0,3626.0,2110.0,1843.0,17,31,40971.0,2005-2009
LOGAN SQUARE,"Census Tract 2201, Cook County, Illinois",17849.0,7907.0,22954.0,13018.0,8626.0,5668.0,3061.0,2057.0,17,31,81140.0,2005-2009
LOOP,"Census Tract 3201, Cook County, Illinois",1424.0,3197.0,5382.0,2894.0,2570.0,2452.0,1050.0,1037.0,17,31,20006.0,2005-2009
LOWER WEST SIDE,"Census Tract 3101, Cook County, Illinois",10346.0,4630.0,7323.0,5589.0,3442.0,2849.0,1609.0,1689.0,17,31,37477.0,2005-2009
MCKINLEY PARK,"Census Tract 5901, Cook County, Illinois",4009.0,1578.0,3019.0,2097.0,2293.0,1705.0,533.0,958.0,17,31,16192.0,2005-2009
MONTCLARE,"Census Tract 1801, Cook County, Illinois",3425.0,1369.0,2587.0,1507.0,2286.0,1594.0,701.0,1087.0,17,31,14556.0,2005-2009
MORGAN PARK,"Census Tract 7501, Cook County, Illinois",7361.0,2098.0,3934.0,3979.0,4181.0,3496.0,2305.0,1845.0,17,31,29199.0,2005-2009
MOUNT GREENWOOD,"Census Tract 7401, Cook County, Illinois",5041.0,1921.0,2088.0,3017.0,3398.0,1707.0,1162.0,1216.0,17,31,19550.0,2005-2009
NEAR NORTH SIDE,"Census Tract 801, Cook County, Illinois",6307.0,7233.0,21645.0,10958.0,9277.0,10410.0,6831.0,4751.0,17,31,77412.0,2005-2009
NEAR SOUTH SIDE,"Census Tract 3301, Cook County, Illinois",2523.0,885.0,5229.0,3182.0,1749.0,1686.0,761.0,642.0,17,31,16657.0,2005-2009
NEAR WEST SIDE,"Census Tract 2801, Cook County, Illinois",8915.0,7137.0,14100.0,7816.0,6035.0,5032.0,1990.0,1359.0,17,31,52384.0,2005-2009
NEW CITY,"Census Tract 6101, Cook County, Illinois",16958.0,5327.0,7946.0,6050.0,4871.0,2819.0,1815.0,1225.0,17,31,47011.0,2005-2009
NORTH CENTER,"Census Tract 501, Cook County, Illinois",5952.0,2216.0,10242.0,7048.0,3831.0,2886.0,1484.0,964.0,17,31,34623.0,2005-2009
NORTH LAWNDALE,"Census Tract 2901, Cook County, Illinois",12109.0,4347.0,5227.0,3723.0,4873.0,3044.0,1518.0,1402.0,17,31,36243.0,2005-2009
NORTH PARK,"Census Tract 1301, Cook County, Illinois",4640.0,1595.0,2723.0,2949.0,2251.0,2045.0,1385.0,1661.0,17,31,19249.0,2005-2009
NORWOOD PARK,"Census Tract 1001, Cook County, Illinois",8831.0,2779.0,4239.0,6287.0,6203.0,4463.0,3503.0,4792.0,17,31,41097.0,2005-2009
OAKLAND,"Census Tract 3601, Cook County, Illinois",739.0,185.0,494.0,483.0,323.0,271.0,160.0,170.0,17,31,2825.0,2005-2009
OHARE,"Census Tract 8116, Cook County, Illinois",7514.0,3881.0,7351.0,5708.0,5481.0,4594.0,3117.0,3661.0,17,31,41307.0,2005-2009
PORTAGE PARK,"Census Tract 1501, Cook County, Illinois",15763.0,5662.0,9922.0,10374.0,9682.0,7872.0,3899.0,3191.0,17,31,66365.0,2005-2009
PULLMAN,"Census Tract 5001, Cook County, Illinois",2227.0,624.0,1130.0,919.0,1173.0,656.0,727.0,444.0,17,31,7900.0,2005-2009
RIVERDALE,"Census Tract 5401, Cook County, Illinois",3093.0,985.0,1115.0,951.0,663.0,582.0,280.0,255.0,17,31,7924.0,2005-2009
ROGERS PARK,"Census Tract 101, Cook County, Illinois",11329.0,7093.0,12307.0,8814.0,7126.0,4661.0,2950.0,1845.0,17,31,56125.0,2005-2009
ROSELAND,"Census Tract 4901, Cook County, Illinois",12949.0,5308.0,6111.0,6289.0,6633.0,5101.0,4267.0,3175.0,17,31,49833.0,2005-2009
SOUTH CHICAGO,"Census Tract 4601, Cook County, Illinois",10546.0,3342.0,4649.0,4643.0,4356.0,3053.0,2693.0,1514.0,17,31,34796.0,2005-2009
SOUTH DEERING,"Census Tract 5101, Cook County, Illinois",4965.0,1819.0,2176.0,2492.0,2436.0,1487.0,1529.0,821.0,17,31,17725.0,2005-2009
SOUTH LAWNDALE,"Census Tract 3001, Cook County, Illinois",22750.0,11833.0,15248.0,11189.0,8223.0,4374.0,2385.0,1322.0,17,31,77324.0,2005-2009
SOUTH SHORE,"Census Tract 4301, Cook County, Illinois",14014.0,4910.0,7646.0,7212.0,7926.0,6090.0,3572.0,2758.0,17,31,54128.0,2005-2009
UPTOWN,"Census Tract 310, Cook County, Illinois",8457.0,5771.0,15197.0,10987.0,8290.0,5504.0,3232.0,2632.0,17,31,60070.0,2005-2009
WASHINGTON HEIGHTS,"Census Tract 7301, Cook County, Illinois",6879.0,2406.0,3293.0,3334.0,4104.0,3409.0,2541.0,2280.0,17,31,28246.0,2005-2009
WASHINGTON PARK,"Census Tract 4001, Cook County, Illinois",4252.0,1483.0,1707.0,1374.0,1552.0,835.0,421.0,647.0,17,31,12271.0,2005-2009
WEST ELSDON,"Census Tract 6201, Cook County, Illinois",5449.0,2113.0,2641.0,2413.0,2345.0,1598.0,615.0,1075.0,17,31,18249.0,2005-2009
WEST ENGLEWOOD,"Census Tract 6701, Cook County, Illinois",12801.0,5085.0,5110.0,6196.0,5173.0,3908.0,2648.0,1408.0,17,31,42329.0,2005-2009
WEST GARFIELD PARK,"Census Tract 2604, Cook County, Illinois",6305.0,2627.0,2489.0,2197.0,2349.0,1369.0,1055.0,873.0,17,31,19264.0,2005-2009
WEST LAWN,"Census Tract 6501, Cook County, Illinois",11201.0,2884.0,6047.0,4357.0,3510.0,2415.0,1290.0,1606.0,17,31,33310.0,2005-2009
WEST PULLMAN,"Census Tract 5301, Cook County, Illinois",10665.0,3673.0,4356.0,4227.0,4518.0,3514.0,2386.0,1420.0,17,31,34759.0,2005-2009
WEST RIDGE,"Census Tract 201, Cook County, Illinois",18538.0,6531.0,10186.0,10428.0,10066.0,7300.0,4434.0,4432.0,17,31,71915.0,2005-2009
WEST TOWN,"Census Tract 2401, Cook County, Illinois",14802.0,8030.0,28184.0,14761.0,9318.0,5878.0,2918.0,2463.0,17,31,86354.0,2005-2009
WOODLAWN,"Census Tract 4201, Cook County, Illinois",6318.0,2266.0,3823.0,3074.0,3134.0,2042.0,1516.0,1237.0,17,31,23410.0,2005-2009
ALBANY PARK,"Census Tract 1406.01, Cook County, Illinois",12041.0,5390.0,10596.0,8474.0,6569.0,4881.0,2302.0,1936.0,17,31,52930.0,2010-2014
ARCHER HEIGHTS,"Census Tract 5704, Cook County, Illinois",3757.0,1562.0,2100.0,2117.0,1705.0,1122.0,841.0,602.0,17,31,13998.0,2010-2014
ARMOUR SQUARE,"Census Tract 3404, Cook County, Illinois",2558.0,1373.0,2112.0,1502.0,1898.0,1661.0,1101.0,1471.0,17,31,13850.0,2010-2014
ASHBURN,"Census Tract 7004.01, Cook County, Illinois",10470.0,4871.0,5117.0,5383.0,7316.0,4833.0,2482.0,1769.0,17,31,42809.0,2010-2014
AUBURN GRESHAM,"Census Tract 7107, Cook County, Illinois",11191.0,4573.0,5904.0,5605.0,6186.0,5986.0,4008.0,3507.0,17,31,47611.0,2010-2014
AUSTIN,"Census Tract 2508, Cook County, Illinois",25792.0,11081.0,12813.0,11437.0,13761.0,11767.0,6976.0,4616.0,17,31,99711.0,2010-2014
AVALON PARK,"Census Tract 8343, Cook County, Illinois",1788.0,928.0,1315.0,1136.0,1584.0,1221.0,1235.0,797.0,17,31,10098.0,2010-2014
AVONDALE,"Census Tract 2101, Cook County, Illinois",8237.0,4612.0,8495.0,5695.0,4425.0,3705.0,2055.0,1353.0,17,31,39117.0,2010-2014
BELMONT CRAGIN,"Census Tract 1908, Cook County, Illinois",22111.0,8509.0,12310.0,11890.0,9787.0,7045.0,3757.0,2405.0,17,31,79069.0,2010-2014
BEVERLY,"Census Tract 7203, Cook County, Illinois",4971.0,1573.0,1838.0,2778.0,3636.0,3188.0,1574.0,1184.0,17,31,21002.0,2010-2014
BRIDGEPORT,"Census Tract 8397, Cook County, Illinois",5861.0,3646.0,5672.0,4229.0,4080.0,4658.0,1756.0,1537.0,17,31,31939.0,2010-2014
BRIGHTON PARK,"Census Tract 5802, Cook County, Illinois",13104.0,5205.0,6280.0,7208.0,5340.0,3548.0,1615.0,1195.0,17,31,44130.0,2010-2014
BURNSIDE,"Census Tract 4701, Cook County, Illinois",546.0,289.0,311.0,216.0,360.0,402.0,281.0,202.0,17,31,2618.0,2010-2014
CALUMET HEIGHTS,"Census Tract 4805, Cook County, Illinois",2358.0,949.0,1063.0,1971.0,1977.0,1745.0,1863.0,1422.0,17,31,13400.0,2010-2014
CHATHAM,"Census Tract 4408, Cook County, Illinois",6702.0,2812.0,3887.0,4030.0,4694.0,4237.0,2183.0,2683.0,17,31,31493.0,2010-2014
CHICAGO LAWN,"Census Tract 6606, Cook County, Illinois",16937.0,6726.0,8383.0,7542.0,6767.0,5044.0,2628.0,1393.0,17,31,56293.0,2010-2014
CLEARING,"Census Tract 6405, Cook County, Illinois",5607.0,1819.0,4271.0,3429.0,3248.0,2593.0,1555.0,1503.0,17,31,24452.0,2010-2014
DOUGLAS,"Census Tract 3510, Cook County, Illinois",2719.0,3720.0,3128.0,2260.0,2438.0,2146.0,1370.0,1464.0,17,31,19430.0,2010-2014
DUNNING,"Census Tract 1701, Cook County, Illinois",7886.0,3582.0,6764.0,5497.0,6707.0,5929.0,3238.0,2934.0,17,31,43053.0,2010-2014
EAST GARFIELD PARK,"Census Tract 8368, Cook County, Illinois",5729.0,2501.0,2893.0,2437.0,2652.0,1862.0,1063.0,801.0,17,31,20271.0,2010-2014
EAST SIDE,"Census Tract 5203, Cook County, Illinois",7250.0,2172.0,3175.0,3489.0,2683.0,2437.0,1067.0,1137.0,17,31,23739.0,2010-2014
EDGEWATER,"Census Tract 301.02, Cook County, Illinois",5807.0,5591.0,11645.0,8594.0,7171.0,6673.0,3747.0,3194.0,17,31,53038.0,2010-2014
EDISON PARK,"Census Tract 901, Cook County, Illinois",2134.0,552.0,1555.0,1689.0,1702.0,1500.0,810.0,1024.0,17,31,10993.0,2010-2014
ENGLEWOOD,"Census Tract 6812, Cook County, Illinois",7424.0,3446.0,3738.0,2782.0,3313.0,3246.0,1476.0,1485.0,17,31,27297.0,2010-2014
FOREST GLEN,"Census Tract 1204, Cook County, Illinois",4385.0,1129.0,1541.0,2717.0,2942.0,2391.0,1578.0,1563.0,17,31,18478.0,2010-2014
FULLER PARK,"Census Tract 8355, Cook County, Illinois",551.0,225.0,287.0,272.0,265.0,362.0,346.0,196.0,17,31,2543.0,2010-2014
GAGE PARK,"Census Tract 6308, Cook County, Illinois",12451.0,4810.0,6544.0,6387.0,4576.0,2518.0,1575.0,915.0,17,31,40381.0,2010-2014
GARFIELD RIDGE,"Census Tract 9801, Cook County, Illinois",7573.0,3024.0,4425.0,5075.0,5312.0,4079.0,2497.0,2528.0,17,31,34743.0,2010-2014
GRAND BOULEVARD,"Census Tract 8436, Cook County, Illinois",5427.0,2153.0,3145.0,3520.0,2816.0,2324.0,1659.0,1255.0,17,31,22531.0,2010-2014
GREATER GRAND CROSSING,"Census Tract 6913, Cook County, Illinois",8542.0,3510.0,3602.0,3876.0,4658.0,4031.0,1961.0,2136.0,17,31,32849.0,2010-2014
HEGEWISCH,"Census Tract 5501, Cook County, Illinois",2110.0,585.0,1270.0,1144.0,1318.0,1206.0,769.0,809.0,17,31,9338.0,2010-2014
HERMOSA,"Census Tract 2004.01, Cook County, Illinois",6666.0,2935.0,4007.0,3570.0,2892.0,2477.0,1166.0,779.0,17,31,24836.0,2010-2014
HUMBOLDT PARK,"Census Tract 2308, Cook County, Illinois",16072.0,6278.0,8991.0,7093.0,6034.0,5242.0,2477.0,1459.0,17,31,54515.0,2010-2014
HYDE PARK,"Census Tract 8362, Cook County, Illinois",2618.0,4666.0,3864.0,1954.0,1790.0,1602.0,920.0,911.0,17,31,18513.0,2010-2014
IRVING PARK,"Census Tract 1605.02, Cook County, Illinois",11607.0,4896.0,11318.0,9390.0,7692.0,5602.0,2944.0,1991.0,17,31,56490.0,2010-2014
JEFFERSON PARK,"Census Tract 1103, Cook County, Illinois",5354.0,1926.0,3844.0,3830.0,3950.0,3692.0,2104.0,1918.0,17,31,26975.0,2010-2014
KENWOOD,"Census Tract 3904, Cook County, Illinois",2792.0,865.0,1736.0,1818.0,1477.0,1571.0,1004.0,628.0,17,31,12075.0,2010-2014
LAKE VIEW,"Census Tract 628, Cook County, Illinois",8429.0,12273.0,34200.0,12931.0,8116.0,4865.0,2887.0,2406.0,17,31,87343.0,2010-2014
LINCOLN PARK,"Census Tract 705, Cook County, Illinois",8342.0,10668.0,20472.0,8889.0,5875.0,5074.0,3372.0,2264.0,17,31,65951.0,2010-2014
LINCOLN SQUARE,"Census Tract 401, Cook County, Illinois",5987.0,2060.0,11008.0,6760.0,5370.0,4079.0,2175.0,1485.0,17,31,39547.0,2010-2014
LOGAN SQUARE,"Census Tract 2226, Cook County, Illinois",13473.0,7925.0,20730.0,12919.0,7624.0,5211.0,2860.0,2012.0,17,31,74055.0,2010-2014
LOOP,"Census Tract 3204, Cook County, Illinois",1553.0,5449.0,9786.0,4115.0,2859.0,3934.0,1647.0,909.0,17,31,30642.0,2010-2014
LOWER WEST SIDE,"Census Tract 3105, Cook County, Illinois",8480.0,4097.0,7567.0,5404.0,3393.0,2828.0,1501.0,1351.0,17,31,34979.0,2010-2014
MCKINLEY PARK,"Census Tract 5907, Cook County, Illinois",4218.0,1583.0,2728.0,2238.0,2030.0,1987.0,809.0,694.0,17,31,16449.0,2010-2014
MONTCLARE,"Census Tract 1801, Cook County, Illinois",3189.0,1210.0,1939.0,1810.0,1616.0,1580.0,624.0,804.0,17,31,12840.0,2010-2014
MORGAN PARK,"Census Tract 7502, Cook County, Illinois",5117.0,2020.0,2482.0,2787.0,3578.0,2965.0,1763.0,2181.0,17,31,23204.0,2010-2014
MOUNT GREENWOOD,"Census Tract 7401, Cook County, Illinois",4398.0,1899.0,2137.0,2828.0,2718.0,2041.0,1079.0,945.0,17,31,18357.0,2010-2014
NEAR NORTH SIDE,"Census Tract 811, Cook County, Illinois",4939.0,7088.0,25259.0,9190.0,7708.0,8251.0,6861.0,4034.0,17,31,74080.0,2010-2014
NEAR SOUTH SIDE,"Census Tract 8410, Cook County, Illinois",2698.0,1420.0,6245.0,4543.0,2398.0,2231.0,1146.0,951.0,17,31,22021.0,2010-2014
NEAR WEST SIDE,"Census Tract 2831, Cook County, Illinois",7877.0,10229.0,18419.0,8717.0,4852.0,4276.0,2163.0,1461.0,17,31,58899.0,2010-2014
NEW CITY,"Census Tract 8438, Cook County, Illinois",12668.0,5041.0,6065.0,5557.0,4978.0,3817.0,1638.0,1251.0,17,31,41598.0,2010-2014
NORTH CENTER,"Census Tract 503, Cook County, Illinois",6273.0,1924.0,10037.0,6532.0,4212.0,2432.0,1568.0,1145.0,17,31,34815.0,2010-2014
NORTH LAWNDALE,"Census Tract 2916, Cook County, Illinois",11126.0,4779.0,4985.0,3508.0,4596.0,3250.0,1505.0,1471.0,17,31,35623.0,2010-2014
NORTH PARK,"Census Tract 1302, Cook County, Illinois",3554.0,1588.0,2791.0,2262.0,2216.0,1810.0,1760.0,1822.0,17,31,18058.0,2010-2014
NORWOOD PARK,"Census Tract 1001, Cook County, Illinois",6984.0,2079.0,3765.0,5161.0,5669.0,5356.0,2840.0,4250.0,17,31,36486.0,2010-2014
OAKLAND,"Census Tract 3602, Cook County, Illinois",1019.0,490.0,473.0,418.0,357.0,225.0,204.0,20.0,17,31,3264.0,2010-2014
OHARE,"Census Tract 9800, Cook County, Illinois",2780.0,896.0,2883.0,2186.0,1791.0,1639.0,1045.0,626.0,17,31,14143.0,2010-2014
PORTAGE PARK,"Census Tract 1504.01, Cook County, Illinois",13012.0,6088.0,10094.0,9665.0,9187.0,8458.0,3907.0,3126.0,17,31,64427.0,2010-2014
PULLMAN,"Census Tract 5002, Cook County, Illinois",1335.0,532.0,1010.0,1093.0,959.0,864.0,673.0,429.0,17,31,6970.0,2010-2014
RIVERDALE,"Census Tract 5401.01, Cook County, Illinois",3089.0,876.0,905.0,898.0,506.0,478.0,179.0,163.0,17,31,7190.0,2010-2014
ROGERS PARK,"Census Tract 102.01, Cook County, Illinois",9105.0,5816.0,10365.0,8149.0,6974.0,4909.0,2355.0,1924.0,17,31,50323.0,2010-2014
ROSELAND,"Census Tract 4905, Cook County, Illinois",10619.0,4554.0,4740.0,4954.0,6296.0,5189.0,4105.0,3413.0,17,31,44267.0,2010-2014
SOUTH CHICAGO,"Census Tract 4602, Cook County, Illinois",7379.0,3251.0,3582.0,3288.0,4139.0,2806.0,2223.0,1496.0,17,31,28550.0,2010-2014
SOUTH DEERING,"Census Tract 5103, Cook County, Illinois",3894.0,1694.0,1752.0,1791.0,2272.0,1779.0,1405.0,839.0,17,31,15570.0,2010-2014
SOUTH LAWNDALE,"Census Tract 3007, Cook County, Illinois",19754.0,10459.0,12861.0,10604.0,8101.0,5434.0,2670.0,1928.0,17,31,72881.0,2010-2014
SOUTH SHORE,"Census Tract 4304, Cook County, Illinois",9607.0,4581.0,4642.0,5059.0,5637.0,4755.0,2558.0,2166.0,17,31,39552.0,2010-2014
UPTOWN,"Census Tract 317, Cook County, Illinois",5552.0,3873.0,14445.0,8887.0,7613.0,6639.0,3408.0,3088.0,17,31,54062.0,2010-2014
WASHINGTON HEIGHTS,"Census Tract 7303, Cook County, Illinois",4708.0,3202.0,2708.0,3012.0,3843.0,3422.0,2420.0,2960.0,17,31,26435.0,2010-2014
WASHINGTON PARK,"Census Tract 8361, Cook County, Illinois",4166.0,1181.0,1643.0,1349.0,1180.0,1012.0,503.0,412.0,17,31,11647.0,2010-2014
WEST ELSDON,"Census Tract 6201, Cook County, Illinois",5186.0,2376.0,2761.0,2957.0,1991.0,1671.0,1176.0,765.0,17,31,19165.0,2010-2014
WEST ENGLEWOOD,"Census Tract 6701, Cook County, Illinois",8730.0,3923.0,4607.0,3919.0,4554.0,3414.0,2794.0,1811.0,17,31,34272.0,2010-2014
WEST GARFIELD PARK,"Census Tract 2606, Cook County, Illinois",5907.0,2192.0,2486.0,2235.0,2423.0,1584.0,933.0,766.0,17,31,18885.0,2010-2014
WEST LAWN,"Census Tract 6503.01, Cook County, Illinois",9796.0,3552.0,5541.0,4920.0,3809.0,2899.0,1394.0,1273.0,17,31,33477.0,2010-2014
WEST PULLMAN,"Census Tract 5305.01, Cook County, Illinois",7141.0,3183.0,3271.0,3390.0,3306.0,3606.0,2358.0,1627.0,17,31,28160.0,2010-2014
WEST RIDGE,"Census Tract 202, Cook County, Illinois",17687.0,6006.0,10912.0,10572.0,8668.0,8882.0,5301.0,3930.0,17,31,73019.0,2010-2014
WEST TOWN,"Census Tract 2407, Cook County, Illinois",12122.0,7725.0,29818.0,14761.0,8114.0,5294.0,2720.0,2284.0,17,31,84319.0,2010-2014
WOODLAWN,"Census Tract 8439, Cook County, Illinois",6506.0,3569.0,3391.0,3393.0,2791.0,2854.0,1722.0,1013.0,17,31,25451.0,2010-2014
ALBANY PARK,"Census Tract 1401, Cook County, Illinois",10541.0,4935.0,9213.0,8428.0,6072.0,4956.0,2762.0,2280.0,17,31,49806.0,2015-2019
ARCHER HEIGHTS,"Census Tract 5701, Cook County, Illinois",3796.0,1251.0,2081.0,1936.0,1492.0,1097.0,1047.0,699.0,17,31,13726.0,2015-2019
ARMOUR SQUARE,"Census Tract 3406, Cook County, Illinois",2084.0,965.0,1918.0,1482.0,1995.0,1541.0,1784.0,1588.0,17,31,13538.0,2015-2019
ASHBURN,"Census Tract 7002, Cook County, Illinois",10698.0,4531.0,5043.0,5797.0,5977.0,5570.0,3049.0,2042.0,17,31,43356.0,2015-2019
AUBURN GRESHAM,"Census Tract 7101, Cook County, Illinois",9985.0,4215.0,5490.0,5176.0,5960.0,6356.0,4252.0,3974.0,17,31,45909.0,2015-2019
AUSTIN,"Census Tract 8313, Cook County, Illinois",21673.0,8988.0,13634.0,11712.0,11824.0,11452.0,8141.0,5225.0,17,31,93727.0,2015-2019
AVALON PARK,"Census Tract 8343, Cook County, Illinois",1441.0,983.0,1023.0,1118.0,1261.0,1466.0,902.0,1244.0,17,31,9713.0,2015-2019
AVONDALE,"Census Tract 8311, Cook County, Illinois",7556.0,3459.0,9797.0,5961.0,4221.0,3124.0,2320.0,1364.0,17,31,38118.0,2015-2019
BELMONT CRAGIN,"Census Tract 1910, Cook County, Illinois",20178.0,7485.0,10923.0,12347.0,9862.0,9433.0,4834.0,2738.0,17,31,78601.0,2015-2019
BEVERLY,"Census Tract 7201, Cook County, Illinois",4344.0,1168.0,1737.0,2610.0,3015.0,3309.0,2261.0,1208.0,17,31,19791.0,2015-2019
BRIDGEPORT,"Census Tract 6007, Cook County, Illinois",6102.0,2777.0,6784.0,4988.0,4748.0,4316.0,2660.0,1886.0,17,31,34540.0,2015-2019
BRIGHTON PARK,"Census Tract 5807, Cook County, Illinois",12121.0,4774.0,7377.0,6099.0,4790.0,4282.0,2624.0,1620.0,17,31,44156.0,2015-2019
BURNSIDE,"Census Tract 4701, Cook County, Illinois",250.0,195.0,234.0,291.0,189.0,298.0,275.0,257.0,17,31,2006.0,2015-2019
CALUMET HEIGHTS,"Census Tract 4805, Cook County, Illinois",1997.0,1142.0,1411.0,1214.0,2046.0,1945.0,1312.0,1642.0,17,31,12815.0,2015-2019
CHATHAM,"Census Tract 4409, Cook County, Illinois",6062.0,2475.0,4297.0,3476.0,3987.0,5152.0,2560.0,2370.0,17,31,30967.0,2015-2019
CHICAGO LAWN,"Census Tract 6610, Cook County, Illinois",13623.0,5423.0,8177.0,6091.0,6006.0,5076.0,3911.0,2415.0,17,31,51352.0,2015-2019
CLEARING,"Census Tract 6404, Cook County, Illinois",5909.0,1786.0,3810.0,3739.0,3056.0,3197.0,1710.0,1359.0,17,31,24976.0,2015-2019
DOUGLAS,"Census Tract 3510, Cook County, Illinois",3388.0,3849.0,4519.0,1948.0,2007.0,2306.0,1687.0,1480.0,17,31,21353.0,2015-2019
DUNNING,"Census Tract 1709, Cook County, Illinois",8578.0,3068.0,5862.0,5733.0,6430.0,5805.0,4468.0,3183.0,17,31,43445.0,2015-2019
EAST GARFIELD PARK,"Census Tract 2705, Cook County, Illinois",5396.0,1809.0,2945.0,2457.0,2186.0,1947.0,1089.0,843.0,17,31,18940.0,2015-2019
EAST SIDE,"Census Tract 5204, Cook County, Illinois",6746.0,2569.0,3015.0,2731.0,3004.0,2656.0,1596.0,1033.0,17,31,23723.0,2015-2019
EDGEWATER,"Census Tract 301.02, Cook County, Illinois",5578.0,5259.0,12685.0,8657.0,7535.0,6337.0,5028.0,3825.0,17,31,55407.0,2015-2019
EDISON PARK,"Census Tract 901, Cook County, Illinois",2253.0,589.0,1570.0,1634.0,1583.0,1632.0,969.0,869.0,17,31,11264.0,2015-2019
ENGLEWOOD,"Census Tract 6814, Cook County, Illinois",5878.0,2184.0,3314.0,2336.0,2521.0,3116.0,1928.0,1363.0,17,31,22921.0,2015-2019
FOREST GLEN,"Census Tract 1201, Cook County, Illinois",4722.0,767.0,2136.0,2486.0,3300.0,2220.0,1720.0,1842.0,17,31,19384.0,2015-2019
FULLER PARK,"Census Tract 8355, Cook County, Illinois",343.0,227.0,243.0,220.0,254.0,356.0,467.0,159.0,17,31,2330.0,2015-2019
GAGE PARK,"Census Tract 6302, Cook County, Illinois",10898.0,4266.0,6543.0,4330.0,4561.0,2941.0,2382.0,1081.0,17,31,37478.0,2015-2019
GARFIELD RIDGE,"Census Tract 5609, Cook County, Illinois",8553.0,2520.0,4699.0,5265.0,4798.0,5113.0,3376.0,2450.0,17,31,37207.0,2015-2019
GRAND BOULEVARD,"Census Tract 3801, Cook County, Illinois",5196.0,1775.0,3220.0,3218.0,2641.0,2957.0,1979.0,1434.0,17,31,22643.0,2015-2019
GREATER GRAND CROSSING,"Census Tract 6911, Cook County, Illinois",6791.0,2513.0,5120.0,3302.0,3451.0,4246.0,2372.0,1970.0,17,31,30149.0,2015-2019
HEGEWISCH,"Census Tract 5501, Cook County, Illinois",1779.0,929.0,900.0,1337.0,1241.0,1133.0,853.0,848.0,17,31,9089.0,2015-2019
HERMOSA,"Census Tract 2001, Cook County, Illinois",5242.0,2717.0,3757.0,3191.0,3029.0,2818.0,1593.0,898.0,17,31,23481.0,2015-2019
HUMBOLDT PARK,"Census Tract 2307, Cook County, Illinois",14107.0,5721.0,8867.0,7944.0,6634.0,5832.0,3191.0,2107.0,17,31,55364.0,2015-2019
HYDE PARK,"Census Tract 4108, Cook County, Illinois",2142.0,5380.0,3429.0,1881.0,1660.0,1743.0,1320.0,988.0,17,31,18624.0,2015-2019
IRVING PARK,"Census Tract 1609, Cook County, Illinois",9807.0,4410.0,10171.0,9104.0,7368.0,6214.0,3455.0,2192.0,17,31,53530.0,2015-2019
JEFFERSON PARK,"Census Tract 1101, Cook County, Illinois",5330.0,1820.0,4106.0,3982.0,4234.0,3328.0,2544.0,1863.0,17,31,27503.0,2015-2019
KENWOOD,"Census Tract 3904, Cook County, Illinois",2697.0,871.0,2290.0,1553.0,1741.0,1471.0,995.0,730.0,17,31,12582.0,2015-2019
LAKE VIEW,"Census Tract 8319, Cook County, Illinois",9874.0,11844.0,32437.0,13954.0,8432.0,5515.0,3872.0,2599.0,17,31,89861.0,2015-2019
LINCOLN PARK,"Census Tract 8325, Cook County, Illinois",9017.0,10117.0,22281.0,8307.0,6693.0,5572.0,4242.0,2441.0,17,31,69465.0,2015-2019
LINCOLN SQUARE,"Census Tract 8308, Cook County, Illinois",6201.0,2567.0,11123.0,8036.0,5067.0,4257.0,2425.0,1496.0,17,31,42103.0,2015-2019
LOGAN SQUARE,"Census Tract 8309, Cook County, Illinois",11644.0,6169.0,23366.0,12652.0,7538.0,5382.0,3293.0,1889.0,17,31,73277.0,2015-2019
LOOP,"Census Tract 8390, Cook County, Illinois",2033.0,7089.0,13095.0,5253.0,3970.0,3150.0,2397.0,1433.0,17,31,38655.0,2015-2019
LOWER WEST SIDE,"Census Tract 3104, Cook County, Illinois",6097.0,3714.0,8567.0,4489.0,3475.0,3301.0,1991.0,1255.0,17,31,33203.0,2015-2019
MCKINLEY PARK,"Census Tract 5906, Cook County, Illinois",3227.0,1459.0,2484.0,2194.0,2191.0,1742.0,1032.0,665.0,17,31,15177.0,2015-2019
MONTCLARE,"Census Tract 8316, Cook County, Illinois",2968.0,1472.0,2031.0,1872.0,1664.0,1666.0,1553.0,867.0,17,31,14267.0,2015-2019
MORGAN PARK,"Census Tract 7502, Cook County, Illinois",4530.0,1724.0,2053.0,2476.0,2732.0,3493.0,1990.0,1915.0,17,31,21050.0,2015-2019
MOUNT GREENWOOD,"Census Tract 7403, Cook County, Illinois",4365.0,1845.0,2300.0,2676.0,2517.0,2771.0,1306.0,1090.0,17,31,19190.0,2015-2019
NEAR NORTH SIDE,"Census Tract 8383, Cook County, Illinois",5079.0,6928.0,28448.0,10451.0,8007.0,8633.0,8246.0,5004.0,17,31,81940.0,2015-2019
NEAR SOUTH SIDE,"Census Tract 3302, Cook County, Illinois",2585.0,922.0,7154.0,4166.0,3896.0,2971.0,1759.0,904.0,17,31,24729.0,2015-2019
NEAR WEST SIDE,"Census Tract 2831, Cook County, Illinois",8466.0,10196.0,18496.0,9888.0,5738.0,4792.0,3014.0,1598.0,17,31,63170.0,2015-2019
NEW CITY,"Census Tract 6119, Cook County, Illinois",10133.0,4485.0,6179.0,5171.0,4717.0,3547.0,3022.0,1758.0,17,31,39508.0,2015-2019
NORTH CENTER,"Census Tract 501, Cook County, Illinois",8659.0,1522.0,7467.0,7233.0,4583.0,2681.0,1533.0,1377.0,17,31,35543.0,2015-2019
NORTH LAWNDALE,"Census Tract 8386, Cook County, Illinois",8210.0,4063.0,4822.0,4051.0,3509.0,3550.0,2027.0,1427.0,17,31,32073.0,2015-2019
NORTH PARK,"Census Tract 8318, Cook County, Illinois",4045.0,1844.0,2478.0,2273.0,2320.0,1981.0,1895.0,1849.0,17,31,18914.0,2015-2019
NORWOOD PARK,"Census Tract 1004, Cook County, Illinois",7209.0,2082.0,5230.0,5115.0,4945.0,5740.0,3786.0,3558.0,17,31,37924.0,2015-2019
OAKLAND,"Census Tract 3602, Cook County, Illinois",1155.0,219.0,448.0,585.0,324.0,407.0,170.0,55.0,17,31,3440.0,2015-2019
OHARE,"Census Tract 7608.01, Cook County, Illinois",1931.0,457.0,3240.0,2011.0,1468.0,1498.0,948.0,1051.0,17,31,12861.0,2015-2019
PORTAGE PARK,"Census Tract 8317, Cook County, Illinois",12921.0,5409.0,9054.0,10132.0,9058.0,9003.0,4527.0,3753.0,17,31,64605.0,2015-2019
PULLMAN,"Census Tract 5001, Cook County, Illinois",1181.0,608.0,1031.0,877.0,968.0,1028.0,563.0,507.0,17,31,6840.0,2015-2019
RIVERDALE,"Census Tract 5401.01, Cook County, Illinois",2886.0,934.0,1231.0,781.0,584.0,436.0,222.0,131.0,17,31,7359.0,2015-2019
ROGERS PARK,"Census Tract 8306, Cook County, Illinois",8874.0,5224.0,10633.0,7936.0,6968.0,5286.0,2802.0,1838.0,17,31,50262.0,2015-2019
ROSELAND,"Census Tract 4903, Cook County, Illinois",8397.0,3735.0,4899.0,4208.0,5172.0,5185.0,3648.0,3437.0,17,31,39162.0,2015-2019
SOUTH CHICAGO,"Census Tract 4601, Cook County, Illinois",7813.0,3263.0,3694.0,3548.0,3479.0,3554.0,1978.0,2223.0,17,31,29936.0,2015-2019
SOUTH DEERING,"Census Tract 8388, Cook County, Illinois",4084.0,1472.0,2084.0,1967.0,1654.0,1561.0,1272.0,1161.0,17,31,15475.0,2015-2019
SOUTH LAWNDALE,"Census Tract 8305, Cook County, Illinois",18113.0,9206.0,12781.0,10489.0,7828.0,6070.0,4245.0,2447.0,17,31,72157.0,2015-2019
SOUTH SHORE,"Census Tract 4304, Cook County, Illinois",9752.0,3646.0,6006.0,5615.0,4795.0,4790.0,3012.0,2098.0,17,31,40221.0,2015-2019
UPTOWN,"Census Tract 8307, Cook County, Illinois",6843.0,4520.0,15909.0,9594.0,7386.0,6713.0,3674.0,3753.0,17,31,58979.0,2015-2019
WASHINGTON HEIGHTS,"Census Tract 7307, Cook County, Illinois",5481.0,2547.0,3300.0,3105.0,3225.0,4067.0,2504.0,2371.0,17,31,26742.0,2015-2019
WASHINGTON PARK,"Census Tract 8345, Cook County, Illinois",3239.0,1099.0,2058.0,1325.0,1179.0,1084.0,506.0,336.0,17,31,10969.0,2015-2019
WEST ELSDON,"Census Tract 6203, Cook County, Illinois",5138.0,2298.0,2894.0,2746.0,2106.0,1861.0,1297.0,652.0,17,31,19126.0,2015-2019
WEST ENGLEWOOD,"Census Tract 6702, Cook County, Illinois",5806.0,2463.0,2940.0,2918.0,3153.0,3438.0,2828.0,2504.0,17,31,26346.0,2015-2019
WEST GARFIELD PARK,"Census Tract 2605, Cook County, Illinois",4558.0,1772.0,2309.0,1843.0,1632.0,2061.0,976.0,981.0,17,31,16415.0,2015-2019
WEST LAWN,"Census Tract 6501, Cook County, Illinois",8789.0,3332.0,4430.0,4991.0,3877.0,2826.0,1881.0,1446.0,17,31,31886.0,2015-2019
WEST PULLMAN,"Census Tract 5303, Cook County, Illinois",6315.0,2744.0,3716.0,2952.0,3364.0,3277.0,2469.0,1839.0,17,31,27028.0,2015-2019
WEST RIDGE,"Census Tract 203.02, Cook County, Illinois",19249.0,5893.0,12147.0,10633.0,9632.0,9087.0,6058.0,4394.0,17,31,78466.0,2015-2019
WEST TOWN,"Census Tract 2423, Cook County, Illinois",10001.0,5582.0,33575.0,15136.0,7715.0,5428.0,3028.0,1950.0,17,31,83757.0,2015-2019
WOODLAWN,"Census Tract 4205, Cook County, Illinois",5325.0,3595.0,3815.0,2893.0,2772.0,3046.0,2075.0,1090.0,17,31,24844.0,2015-2019
ALBANY PARK,Census Tract 1401; Cook County; Illinois,9303.0,5345.0,8597.0,7249.0,6091.0,5384.0,3723.0,1602.0,17,31,47663.0,2018-2022
ARCHER HEIGHTS,Census Tract 5701; Cook County; Illinois,3251.0,1633.0,2079.0,1542.0,1890.0,1244.0,1172.0,883.0,17,31,13867.0,2018-2022
ARMOUR SQUARE,Census Tract 3403; Cook County; Illinois,2250.0,1013.0,1846.0,1397.0,1846.0,1656.0,1369.0,1729.0,17,31,13193.0,2018-2022
ASHBURN,Census Tract 7001; Cook County; Illinois,9831.0,4198.0,5638.0,5756.0,5978.0,5261.0,3462.0,2183.0,17,31,42745.0,2018-2022
AUBURN GRESHAM,Census Tract 7101; Cook County; Illinois,10627.0,4138.0,6015.0,5502.0,5760.0,5371.0,4446.0,4135.0,17,31,46468.0,2018-2022
AUSTIN,Census Tract 2502; Cook County; Illinois,23412.0,9224.0,13299.0,14070.0,12017.0,12026.0,9108.0,5874.0,17,31,100120.0,2018-2022
AVALON PARK,Census Tract 4503; Cook County; Illinois,1688.0,716.0,886.0,1350.0,1033.0,1252.0,1036.0,1410.0,17,31,9647.0,2018-2022
AVONDALE,Census Tract 2101; Cook County; Illinois,6056.0,3568.0,9230.0,5872.0,4374.0,3901.0,1874.0,1118.0,17,31,36374.0,2018-2022
BELMONT CRAGIN,Census Tract 1901; Cook County; Illinois,17801.0,7567.0,9993.0,11239.0,9042.0,8616.0,5480.0,3270.0,17,31,73991.0,2018-2022
BEVERLY,Census Tract 7201; Cook County; Illinois,4076.0,1583.0,1884.0,2538.0,2390.0,3242.0,2489.0,1384.0,17,31,19781.0,2018-2022
BRIDGEPORT,Census Tract 6004; Cook County; Illinois,5272.0,2463.0,6941.0,5038.0,3972.0,3921.0,3520.0,1679.0,17,31,33221.0,2018-2022
BRIGHTON PARK,Census Tract 5801; Cook County; Illinois,10521.0,4740.0,7486.0,4915.0,5168.0,4723.0,2859.0,1579.0,17,31,42243.0,2018-2022
BURNSIDE,Census Tract 4701; Cook County; Illinois,409.0,146.0,147.0,340.0,334.0,277.0,274.0,274.0,17,31,2246.0,2018-2022
CALUMET HEIGHTS,Census Tract 4801; Cook County; Illinois,2012.0,763.0,1491.0,1007.0,1531.0,1716.0,1941.0,1474.0,17,31,12087.0,2018-2022
CHATHAM,Census Tract 4401.01; Cook County; Illinois,5408.0,3087.0,4658.0,3604.0,3176.0,5317.0,3411.0,2398.0,17,31,31341.0,2018-2022
CHICAGO LAWN,Census Tract 6603.01; Cook County; Illinois,12781.0,6255.0,8095.0,6195.0,6445.0,5064.0,3602.0,3667.0,17,31,52464.0,2018-2022
CLEARING,Census Tract 6401; Cook County; Illinois,5582.0,1990.0,3739.0,3538.0,3660.0,2656.0,1798.0,1432.0,17,31,24728.0,2018-2022
DOUGLAS,Census Tract 3501; Cook County; Illinois,2946.0,3465.0,4396.0,2290.0,2033.0,2332.0,2024.0,1614.0,17,31,21355.0,2018-2022
DUNNING,Census Tract 1701; Cook County; Illinois,7980.0,3538.0,5126.0,5265.0,7160.0,6164.0,3873.0,3184.0,17,31,42574.0,2018-2022
EAST GARFIELD PARK,Census Tract 2705; Cook County; Illinois,5113.0,2142.0,2910.0,2795.0,2396.0,2214.0,1328.0,788.0,17,31,19901.0,2018-2022
EAST SIDE,Census Tract 5201; Cook County; Illinois,6382.0,2714.0,2947.0,3803.0,2739.0,2463.0,1711.0,798.0,17,31,23942.0,2018-2022
EDGEWATER,Census Tract 301.01; Cook County; Illinois,5734.0,5556.0,11948.0,8623.0,6653.0,6044.0,4830.0,3901.0,17,31,53802.0,2018-2022
EDISON PARK,Census Tract 901; Cook County; Illinois,2436.0,632.0,1765.0,1481.0,1719.0,1602.0,886.0,776.0,17,31,11402.0,2018-2022
ENGLEWOOD,Census Tract 6805; Cook County; Illinois,5162.0,1956.0,3221.0,2268.0,2183.0,3229.0,1717.0,1560.0,17,31,21378.0,2018-2022
FOREST GLEN,Census Tract 1201; Cook County; Illinois,4832.0,963.0,1887.0,3129.0,2636.0,2629.0,1984.0,1622.0,17,31,19855.0,2018-2022
FULLER PARK,Census Tract 8355; Cook County; Illinois,378.0,233.0,180.0,245.0,109.0,307.0,525.0,117.0,17,31,2142.0,2018-2022
GAGE PARK,Census Tract 6303; Cook County; Illinois,8777.0,4283.0,5099.0,4398.0,4544.0,3056.0,2528.0,1813.0,17,31,34788.0,2018-2022
GARFIELD RIDGE,Census Tract 5601; Cook County; Illinois,7881.0,2308.0,4731.0,4894.0,5121.0,4932.0,3537.0,2497.0,17,31,36401.0,2018-2022
GRAND BOULEVARD,Census Tract 3801; Cook County; Illinois,4603.0,1887.0,4476.0,2998.0,3453.0,3224.0,2134.0,1578.0,17,31,24813.0,2018-2022
GREATER GRAND CROSSING,Census Tract 6903; Cook County; Illinois,6631.0,2313.0,3792.0,3448.0,3508.0,3942.0,2833.0,2177.0,17,31,28991.0,2018-2022
HEGEWISCH,Census Tract 5501; Cook County; Illinois,2026.0,801.0,1239.0,1023.0,1112.0,1270.0,909.0,645.0,17,31,9025.0,2018-2022
HERMOSA,Census Tract 2001; Cook County; Illinois,4998.0,2778.0,3330.0,2857.0,3546.0,2232.0,2001.0,1026.0,17,31,23157.0,2018-2022
HUMBOLDT PARK,Census Tract 2301; Cook County; Illinois,13550.0,5062.0,9612.0,8305.0,5971.0,6437.0,3505.0,1715.0,17,31,55416.0,2018-2022
HYDE PARK,Census Tract 4102; Cook County; Illinois,2575.0,5647.0,3964.0,1923.0,1660.0,1869.0,1280.0,816.0,17,31,19850.0,2018-2022
IRVING PARK,Census Tract 1601; Cook County; Illinois,10813.0,3121.0,10065.0,9892.0,6985.0,6020.0,3554.0,2262.0,17,31,53584.0,2018-2022
JEFFERSON PARK,Census Tract 1101; Cook County; Illinois,5316.0,1717.0,4152.0,4210.0,3571.0,3698.0,2264.0,1921.0,17,31,27032.0,2018-2022
KENWOOD,Census Tract 3901; Cook County; Illinois,2854.0,667.0,2025.0,1698.0,1551.0,1658.0,1165.0,840.0,17,31,12575.0,2018-2022
LAKE VIEW,Census Tract 601; Cook County; Illinois,9991.0,11734.0,31218.0,14190.0,8751.0,5747.0,4264.0,3116.0,17,31,90421.0,2018-2022
LINCOLN PARK,Census Tract 701.01; Cook County; Illinois,9567.0,10478.0,20700.0,8171.0,6507.0,6122.0,4101.0,2727.0,17,31,69099.0,2018-2022
LINCOLN SQUARE,Census Tract 401; Cook County; Illinois,6613.0,2852.0,9928.0,8739.0,5729.0,3651.0,2327.0,1885.0,17,31,42271.0,2018-2022
LOGAN SQUARE,Census Tract 2203; Cook County; Illinois,10726.0,5898.0,23176.0,13044.0,7523.0,5188.0,3515.0,2168.0,17,31,72332.0,2018-2022
LOOP,Census Tract 3201.01; Cook County; Illinois,2240.0,7071.0,15290.0,5953.0,3312.0,3325.0,2623.0,1516.0,17,31,41671.0,2018-2022
LOWER WEST SIDE,Census Tract 3102; Cook County; Illinois,5572.0,3417.0,8668.0,5335.0,3907.0,3265.0,2407.0,1412.0,17,31,34237.0,2018-2022
MCKINLEY PARK,Census Tract 5905; Cook County; Illinois,2935.0,1429.0,2453.0,1963.0,2429.0,2362.0,1040.0,786.0,17,31,15479.0,2018-2022
MONTCLARE,Census Tract 1801; Cook County; Illinois,2934.0,1027.0,1644.0,2052.0,1836.0,1783.0,1597.0,793.0,17,31,13765.0,2018-2022
MORGAN PARK,Census Tract 7501; Cook County; Illinois,4755.0,993.0,2299.0,2590.0,2595.0,2928.0,2040.0,2268.0,17,31,20718.0,2018-2022
MOUNT GREENWOOD,Census Tract 7401; Cook County; Illinois,4610.0,1674.0,1829.0,2967.0,2485.0,2644.0,1580.0,1062.0,17,31,19121.0,2018-2022
NEAR NORTH SIDE,Census Tract 801; Cook County; Illinois,5382.0,9714.0,30491.0,10920.0,7947.0,9786.0,8113.0,5670.0,17,31,88784.0,2018-2022
NEAR SOUTH SIDE,Census Tract 3301.01; Cook County; Illinois,3331.0,990.0,8177.0,5253.0,3506.0,3174.0,1709.0,1795.0,17,31,28216.0,2018-2022
NEAR WEST SIDE,Census Tract 2801; Cook County; Illinois,8351.0,9010.0,20848.0,10835.0,6753.0,4758.0,2781.0,1529.0,17,31,65581.0,2018-2022
NEW CITY,Census Tract 6103; Cook County; Illinois,10392.0,4433.0,5388.0,5991.0,5434.0,3765.0,3151.0,1932.0,17,31,41048.0,2018-2022
NORTH CENTER,Census Tract 501; Cook County; Illinois,8884.0,1382.0,7320.0,7618.0,4699.0,2749.0,1698.0,972.0,17,31,35814.0,2018-2022
NORTH LAWNDALE,Census Tract 2909; Cook County; Illinois,7385.0,2907.0,4749.0,4046.0,3571.0,3530.0,2309.0,1430.0,17,31,30409.0,2018-2022
NORTH PARK,Census Tract 1301; Cook County; Illinois,4033.0,1696.0,2646.0,2769.0,2074.0,2249.0,2006.0,1567.0,17,31,19398.0,2018-2022
NORWOOD PARK,Census Tract 1001; Cook County; Illinois,8842.0,2191.0,4204.0,6078.0,4798.0,5093.0,4098.0,3695.0,17,31,39326.0,2018-2022
OAKLAND,Census Tract 3602; Cook County; Illinois,1042.0,245.0,327.0,480.0,326.0,340.0,257.0,151.0,17,31,3194.0,2018-2022
OHARE,Census Tract 7608.01; Cook County; Illinois,2045.0,951.0,3220.0,1890.0,1831.0,1731.0,1207.0,676.0,17,31,13771.0,2018-2022
PORTAGE PARK,Census Tract 1502; Cook County; Illinois,12334.0,5835.0,8693.0,10331.0,8540.0,8825.0,5533.0,3399.0,17,31,64213.0,2018-2022
PULLMAN,Census Tract 5001; Cook County; Illinois,1172.0,432.0,990.0,835.0,1322.0,858.0,543.0,641.0,17,31,6856.0,2018-2022
RIVERDALE,Census Tract 5401.01; Cook County; Illinois,3025.0,940.0,1430.0,762.0,487.0,652.0,272.0,158.0,17,31,7817.0,2018-2022
ROGERS PARK,Census Tract 101; Cook County; Illinois,8557.0,6194.0,9193.0,7691.0,6957.0,6188.0,3776.0,2005.0,17,31,51238.0,2018-2022
ROSELAND,Census Tract 4902; Cook County; Illinois,7669.0,3172.0,5312.0,3912.0,4942.0,5656.0,3378.0,3255.0,17,31,37610.0,2018-2022
SOUTH CHICAGO,Census Tract 4601; Cook County; Illinois,7630.0,2722.0,4360.0,3602.0,3147.0,3886.0,2364.0,2210.0,17,31,30315.0,2018-2022
SOUTH DEERING,Census Tract 5101; Cook County; Illinois,3131.0,1574.0,2075.0,2086.0,1512.0,1957.0,1807.0,837.0,17,31,15218.0,2018-2022
SOUTH LAWNDALE,Census Tract 3005; Cook County; Illinois,14278.0,8942.0,12359.0,9691.0,7833.0,6677.0,5868.0,3481.0,17,31,69708.0,2018-2022
SOUTH SHORE,Census Tract 4301.01; Cook County; Illinois,8865.0,2824.0,7393.0,5751.0,4450.0,5555.0,4436.0,2121.0,17,31,42017.0,2018-2022
UPTOWN,Census Tract 310; Cook County; Illinois,5944.0,4526.0,15472.0,10289.0,7152.0,6660.0,3131.0,3619.0,17,31,57464.0,2018-2022
WASHINGTON HEIGHTS,Census Tract 7301; Cook County; Illinois,5196.0,2797.0,3023.0,2772.0,3878.0,3470.0,2339.0,2797.0,17,31,26456.0,2018-2022
WASHINGTON PARK,Census Tract 4003; Cook County; Illinois,3631.0,1290.0,1863.0,1932.0,1350.0,1075.0,817.0,212.0,17,31,12366.0,2018-2022
WEST ELSDON,Census Tract 6201; Cook County; Illinois,4623.0,1717.0,2666.0,2564.0,2285.0,1892.0,1312.0,1195.0,17,31,18366.0,2018-2022
WEST ENGLEWOOD,Census Tract 6701; Cook County; Illinois,5383.0,2538.0,3701.0,2739.0,2166.0,3944.0,2625.0,2349.0,17,31,25772.0,2018-2022
WEST GARFIELD PARK,Census Tract 2601; Cook County; Illinois,3653.0,1701.0,2491.0,1916.0,1642.0,2522.0,1261.0,944.0,17,31,16374.0,2018-2022
WEST LAWN,Census Tract 6501; Cook County; Illinois,8308.0,3545.0,4269.0,4800.0,4417.0,2784.0,1730.0,2172.0,17,31,32594.0,2018-2022
WEST PULLMAN,Census Tract 5301; Cook County; Illinois,5700.0,2584.0,3119.0,3528.0,3063.0,3020.0,2168.0,2087.0,17,31,25449.0,2018-2022
WEST RIDGE,Census Tract 201; Cook County; Illinois,20239.0,5789.0,10332.0,10181.0,10862.0,9692.0,6741.0,4119.0,17,31,79265.0,2018-2022
WEST TOWN,Census Tract 2402; Cook County; Illinois,9493.0,5776.0,33351.0,16623.0,7812.0,5063.0,3328.0,2270.0,17,31,85402.0,2018-2022
WOODLAWN,Census Tract 4201; Cook County; Illinois,5186.0,3918.0,4084.0,3163.0,3413.0,3272.0,2117.0,1165.0,17,31,26495.0,2018-2022
