Community Area,NAME,0-25k,25-60k,60-100k,100-150k,150-200k,200k+,state,county,population,period
ALBANY PARK,"Census Tract 1401, Cook County, Illinois",0.09717606396110678,0.1106215697817954,0.06396110678542265,0.03063220464515639,0.009970184400934348,0.007862202556165373,17,31,52657.0,2005-2009
ARCHER HEIGHTS,"Census Tract 5701, Cook County, Illinois",0.07105156313438896,0.12099066179455949,0.061713357693869264,0.025578562728380026,0.010150223304912708,0.004628501827040195,17,31,12315.0,2005-2009
ARMOUR SQUARE,"Census Tract 3401, Cook County, Illinois",0.16927557335274845,0.1073170731707317,0.05569712413542046,0.02446305060065526,0.008809610484164542,0.004368401892974154,17,31,13735.0,2005-2009
ASHBURN,"Census Tract 7001, Cook County, Illinois",0.049678445783942454,0.09902077217827772,0.08293185739574697,0.05346539090685011,0.012705312927151725,0.0015909651108073587,17,31,44627.0,2005-2009
AUBURN GRESHAM,"Census Tract 7101, Cook County, Illinois",0.13060552318216367,0.11359441166889862,0.06057041514350863,0.021734409497267362,0.0038365485540555215,0.0015020449527670201,17,31,55258.0,2005-2009
AUSTIN,"Census Tract 2501, Cook County, Illinois",0.12993688530937814,0.11458414001393945,0.05435413923952606,0.02287423526678541,0.0060694648803531325,0.0030589328583597924,17,31,103304.0,2005-2009
AVALON PARK,"Census Tract 4501, Cook County, Illinois",0.12293666026871401,0.12792706333973128,0.08666026871401152,0.041938579654510554,0.00527831094049904,0.00690978886756238,17,31,10420.0,2005-2009
AVONDALE,"Census Tract 2101, Cook County, Illinois",0.08367506577855738,0.13248157015194253,0.07360087230663474,0.032735202787588596,0.005641548344276673,0.005072652712921042,17,31,42187.0,2005-2009
BELMONT CRAGIN,"Census Tract 1901, Cook County, Illinois",0.07441557803752087,0.11270994990668894,0.06276397210490128,0.023376878499165112,0.002504665553481976,0.0019153324820744525,17,31,81448.0,2005-2009
BEVERLY,"Census Tract 7201, Cook County, Illinois",0.042707356576591936,0.07855255306452988,0.09513255476941437,0.07036910749296735,0.03473702156678885,0.038359901116699346,17,31,23462.0,2005-2009
BRIDGEPORT,"Census Tract 6001, Cook County, Illinois",0.11329258504661358,0.12286225844292153,0.08084830524171142,0.034605173797616844,0.013366672840649503,0.010217941594122369,17,31,32394.0,2005-2009
BRIGHTON PARK,"Census Tract 5801, Cook County, Illinois",0.07599092251085113,0.10650626831471567,0.055169982594134886,0.0189261242205918,0.004186220723995858,0.00024236014717870757,17,31,45387.0,2005-2009
BURNSIDE,"Census Tract 4701, Cook County, Illinois",0.1375060415659739,0.08772353794103431,0.04325761237312711,0.01764137264378927,0.002416626389560174,0.0,17,31,4138.0,2005-2009
CALUMET HEIGHTS,"Census Tract 4801, Cook County, Illinois",0.08222262795934514,0.12141683403322986,0.08544823808654373,0.0383421581157568,0.015276002677865011,0.013389325056296026,17,31,16431.0,2005-2009
CHATHAM,"Census Tract 4401, Cook County, Illinois",0.17619724469713535,0.14965558714191995,0.05548873824622786,0.028755740214301335,0.011535097310299584,0.004564837087251257,17,31,36584.0,2005-2009
CHICAGO LAWN,"Census Tract 6601, Cook County, Illinois",0.09928774165907996,0.1124439922169264,0.05255359788643139,0.018618682946857316,0.0035345150752423287,0.0010175119156000643,17,31,56019.0,2005-2009
CLEARING,"Census Tract 6401, Cook County, Illinois",0.07200914920557121,0.14479434709798636,0.09292161908262876,0.041498182412286075,0.012212555650859781,0.002777437405546706,17,31,24483.0,2005-2009
DOUGLAS,"Census Tract 3501, Cook County, Illinois",0.1830966304650515,0.13914415668801633,0.07031467557783347,0.030446486586837462,0.012160029703889352,0.00960735171261487,17,31,21546.0,2005-2009
DUNNING,"Census Tract 1701, Cook County, Illinois",0.07314615797958086,0.1084990148665592,0.10355095826616514,0.05521225147770016,0.012806734730431667,0.011149919398173025,17,31,44664.0,2005-2009
EAST GARFIELD PARK,"Census Tract 2701, Cook County, Illinois",0.16084150131484581,0.09371264642601004,0.04279225436289744,0.012957207745637103,0.002916567057136027,0.002342816160650251,17,31,20915.0,2005-2009
EAST SIDE,"Census Tract 5201, Cook County, Illinois",0.08384696331930247,0.10327720986169574,0.060320204449789534,0.0325841852074564,0.006013229104028864,0.0009019843656043296,17,31,26608.0,2005-2009
EDGEWATER,"Census Tract 301, Cook County, Illinois",0.16388341458354944,0.1585070704975279,0.10614389931888117,0.04938975901531653,0.021920271064550703,0.018566538740794523,17,31,57846.0,2005-2009
EDISON PARK,"Census Tract 901, Cook County, Illinois",0.05548442168160478,0.10704225352112676,0.11438326931284677,0.08100725565514298,0.042936406316688006,0.025266752027315407,17,31,11715.0,2005-2009
ENGLEWOOD,"Census Tract 6801, Cook County, Illinois",0.18871141931450008,0.08801796168930824,0.040527482521457395,0.010117660433126811,0.0024725743193315525,0.0019610072187801965,17,31,35186.0,2005-2009
FOREST GLEN,"Census Tract 1201, Cook County, Illinois",0.05329461502327369,0.08775675791091941,0.08331553999231328,0.07067515053166502,0.03736601614211897,0.039458513046077635,17,31,23417.0,2005-2009
FULLER PARK,"Census Tract 3701, Cook County, Illinois",0.18721736508893577,0.138076575218571,0.03105215556225505,0.0027132951462164605,0.0,0.0,17,31,3317.0,2005-2009
GAGE PARK,"Census Tract 6301, Cook County, Illinois",0.060853905605162455,0.10967709662089492,0.04762262074485381,0.01575748480528251,0.00220104549661089,0.0011505465095920562,17,31,39981.0,2005-2009
GARFIELD RIDGE,"Census Tract 8208, Cook County, Illinois",0.07087641803031824,0.10995381989760064,0.09534685272562995,0.04976909948800321,0.011796004417227186,0.005923100090352375,17,31,39844.0,2005-2009
GRAND BOULEVARD,"Census Tract 3801, Cook County, Illinois",0.20898195343711254,0.10396289663406347,0.06722689075630252,0.02778160444505671,0.012719842035174726,0.009505441520870643,17,31,21777.0,2005-2009
GREATER GRAND CROSSING,"Census Tract 6901, Cook County, Illinois",0.1718937675163486,0.13185639930601895,0.05386360603229681,0.020445749366075003,0.002562391565461097,0.0014413452555718672,17,31,37465.0,2005-2009
HEGEWISCH,"Census Tract 5501, Cook County, Illinois",0.08869485294117647,0.12371323529411765,0.07205882352941176,0.06194852941176471,0.01369485294117647,0.004044117647058824,17,31,10880.0,2005-2009
HERMOSA,"Census Tract 2001, Cook County, Illinois",0.06577129700690713,0.12321565617805065,0.06623177283192633,0.023023791250959325,0.003607060629316961,0.0013046815042210285,17,31,26060.0,2005-2009
HUMBOLDT PARK,"Census Tract 2301, Cook County, Illinois",0.14147464639994461,0.09791735193809185,0.04373041566400637,0.014628741581981545,0.004622336097501861,0.002302511988643249,17,31,57763.0,2005-2009
HYDE PARK,"Census Tract 4101, Cook County, Illinois",0.1499420373858861,0.1366106361396899,0.08683524126938125,0.04390668019127663,0.03321982321402695,0.03340095638313288,17,31,27604.0,2005-2009
IRVING PARK,"Census Tract 1608, Cook County, Illinois",0.06866974833076528,0.12626262626262627,0.09332306111967129,0.04055812360897107,0.013935969868173258,0.013011470638589283,17,31,58410.0,2005-2009
JEFFERSON PARK,"Census Tract 1101, Cook County, Illinois",0.07104678606136332,0.1159586283492989,0.09464806330695544,0.06542412883520755,0.01294599472442038,0.007358045258919895,17,31,28812.0,2005-2009
KENWOOD,"Census Tract 3901, Cook County, Illinois",0.20503637381085618,0.138276440962507,0.08696138780078344,0.04101846670397314,0.015500839395635143,0.030498041410184668,17,31,17870.0,2005-2009
LAKE VIEW,"Census Tract 601, Cook County, Illinois",0.08505424127565024,0.1477040038339215,0.12575698165817104,0.08945453753322005,0.03750054459112099,0.06357556746394807,17,31,91812.0,2005-2009
LINCOLN PARK,"Census Tract 701, Cook County, Illinois",0.07665640553525706,0.100319341753215,0.09104116919359015,0.07877096579303203,0.04460715210449092,0.09555798498230673,17,31,69518.0,2005-2009
LINCOLN SQUARE,"Census Tract 401, Cook County, Illinois",0.09662932317981011,0.15349881623587416,0.09777647604403114,0.06433819042737546,0.01920870859876498,0.019770081277000806,17,31,40971.0,2005-2009
LOGAN SQUARE,"Census Tract 2201, Cook County, Illinois",0.09860734532906089,0.12466107961547941,0.0799482376140005,0.045279763371949715,0.019534138526004437,0.015134335716046339,17,31,81140.0,2005-2009
LOOP,"Census Tract 3201, Cook County, Illinois",0.07842647205838249,0.1054183744876537,0.13166050184944517,0.09347195841247626,0.05158452464260722,0.07977606717984605,17,31,20006.0,2005-2009
LOWER WEST SIDE,"Census Tract 3101, Cook County, Illinois",0.1254102516209942,0.12196814045948182,0.054646850068041736,0.015236011420337807,0.00480294580676148,0.00320196387117432,17,31,37477.0,2005-2009
MCKINLEY PARK,"Census Tract 5901, Cook County, Illinois",0.08300395256916997,0.12055335968379446,0.07583992094861661,0.026124011857707508,0.005311264822134387,0.00179100790513834,17,31,16192.0,2005-2009
MONTCLARE,"Census Tract 1801, Cook County, Illinois",0.07536411101951085,0.1071035998900797,0.07268480351744985,0.04458642484198956,0.013053036548502336,0.006389117889530091,17,31,14556.0,2005-2009
MORGAN PARK,"Census Tract 7501, Cook County, Illinois",0.09202369944176171,0.11373677180725367,0.08900989759923285,0.05616630706531046,0.012842905578958183,0.007397513613479914,17,31,29199.0,2005-2009
MOUNT GREENWOOD,"Census Tract 7401, Cook County, Illinois",0.04332480818414322,0.08235294117647059,0.12209718670076726,0.0750383631713555,0.028542199488491047,0.007161125319693095,17,31,19550.0,2005-2009
NEAR NORTH SIDE,"Census Tract 801, Cook County, Illinois",0.12429597478427118,0.13457861830207202,0.13358394047434508,0.0847284658709244,0.044217950705317005,0.10733478013744639,17,31,77412.0,2005-2009
NEAR SOUTH SIDE,"Census Tract 3301, Cook County, Illinois",0.12403193852434412,0.09341418022453023,0.11118448700246143,0.08380860899321607,0.066218406675872,0.06135558624001921,17,31,16657.0,2005-2009
NEAR WEST SIDE,"Census Tract 2801, Cook County, Illinois",0.1340294746487477,0.0891111789859499,0.09552535125229078,0.06061010995723885,0.03092547342700061,0.03586973121563836,17,31,52384.0,2005-2009
NEW CITY,"Census Tract 6101, Cook County, Illinois",0.10944247091106336,0.10146561443066517,0.04390461806811172,0.01571972517070473,0.0023824211354789306,0.002254791431792559,17,31,47011.0,2005-2009
NORTH CENTER,"Census Tract 501, Cook County, Illinois",0.05545446668399619,0.10854056552003004,0.10290847124743667,0.07812725644802587,0.04202408803396586,0.05692747595528984,17,31,34623.0,2005-2009
NORTH LAWNDALE,"Census Tract 2901, Cook County, Illinois",0.15536793311811936,0.10473746654526392,0.036862290649228815,0.00775322131170157,0.004690560935904865,0.0016830836299423337,17,31,36243.0,2005-2009
NORTH PARK,"Census Tract 1301, Cook County, Illinois",0.08665385214816354,0.10016104732713388,0.0742376227336485,0.05548340173515507,0.014286456439295547,0.01444230869136059,17,31,19249.0,2005-2009
NORWOOD PARK,"Census Tract 1001, Cook County, Illinois",0.06350828527629754,0.1076234275007908,0.10750176411903545,0.0669148599654476,0.02730126286590262,0.011874346059323065,17,31,41097.0,2005-2009
OAKLAND,"Census Tract 3601, Cook County, Illinois",0.22973451327433628,0.10336283185840708,0.046371681415929206,0.033628318584070796,0.006371681415929204,0.008849557522123894,17,31,2825.0,2005-2009
OHARE,"Census Tract 8116, Cook County, Illinois",0.08337569903406203,0.16733241339240323,0.09492337860411068,0.04563391192776043,0.011063500133149344,0.00830367734282325,17,31,41307.0,2005-2009
PORTAGE PARK,"Census Tract 1501, Cook County, Illinois",0.07705869057485121,0.1211632637685527,0.08967076018985912,0.04650041437504709,0.014239433436299255,0.0074436826640548485,17,31,66365.0,2005-2009
PULLMAN,"Census Tract 5001, Cook County, Illinois",0.13531645569620254,0.16987341772151898,0.09,0.01139240506329114,0.0020253164556962027,0.00025316455696202533,17,31,7900.0,2005-2009
RIVERDALE,"Census Tract 5401, Cook County, Illinois",0.20810196870267542,0.08606764260474507,0.028520949015648663,0.009086320040383645,0.0,0.00265017667844523,17,31,7924.0,2005-2009
ROGERS PARK,"Census Tract 101, Cook County, Illinois",0.14471269487750557,0.14932739420935412,0.08839198218262806,0.0315011135857461,0.011456570155902004,0.007198218262806236,17,31,56125.0,2005-2009
ROSELAND,"Census Tract 4901, Cook County, Illinois",0.11586699576585796,0.12042221018200791,0.058976983123632934,0.025424919230228965,0.0051772921558003735,0.003973270724218891,17,31,49833.0,2005-2009
SOUTH CHICAGO,"Census Tract 4601, Cook County, Illinois",0.13987239912633637,0.12237038740085067,0.06497873318772272,0.02060581676054719,0.003563628003218761,0.0009771238073341764,17,31,34796.0,2005-2009
SOUTH DEERING,"Census Tract 5101, Cook County, Illinois",0.11029619181946404,0.1044851904090268,0.06764456981664316,0.025782792665726376,0.0025952045133991537,0.000846262341325811,17,31,17725.0,2005-2009
SOUTH LAWNDALE,"Census Tract 3001, Cook County, Illinois",0.07656096425430656,0.08790285034400704,0.03396099529253531,0.011936785474108945,0.0026123842532719465,0.0012803269360095184,17,31,77324.0,2005-2009
SOUTH SHORE,"Census Tract 4301, Cook County, Illinois",0.20787762341117352,0.14532219923145137,0.06442137156370085,0.022779337865799585,0.005985811409991132,0.00341782441619864,17,31,54128.0,2005-2009
UPTOWN,"Census Tract 310, Cook County, Illinois",0.18431829532212418,0.13977026802064257,0.09182620276344265,0.054103545863159644,0.02452139170967205,0.01846179457299817,17,31,60070.0,2005-2009
WASHINGTON HEIGHTS,"Census Tract 7301, Cook County, Illinois",0.10125327479997168,0.12918643347730652,0.0724350350492105,0.039616228846562344,0.005841535084613751,0.002867662677901296,17,31,28246.0,2005-2009
WASHINGTON PARK,"Census Tract 4001, Cook County, Illinois",0.2131040664982479,0.10015483660663353,0.03153777198272349,0.011979463776383342,0.0,0.0016298590171950126,17,31,12271.0,2005-2009
WEST ELSDON,"Census Tract 6201, Cook County, Illinois",0.04800263028111129,0.12323962956874349,0.07699052002849471,0.02186421173762946,0.004493396898460189,0.0016987232177105595,17,31,18249.0,2005-2009
WEST ENGLEWOOD,"Census Tract 6701, Cook County, Illinois",0.1231070897020955,0.09615157457062534,0.03489333553828344,0.0071582130454298475,0.0015355902572704292,0.0006142361029081717,17,31,42329.0,2005-2009
WEST GARFIELD PARK,"Census Tract 2604, Cook County, Illinois",0.17291320598006646,0.10470307308970099,0.037531146179401995,0.012043189368770765,0.001816860465116279,0.0,17,31,19264.0,2005-2009
WEST LAWN,"Census Tract 6501, Cook County, Illinois",0.06307415190633443,0.11681176823776644,0.06721705193635545,0.018973281296907837,0.0072350645451816275,0.0018012608826178324,17,31,33310.0,2005-2009
WEST PULLMAN,"Census Tract 5301, Cook County, Illinois",0.09212002646796513,0.11424379297448142,0.05825829281624903,0.02180730170603297,0.006674530337466555,0.0008630858194999856,17,31,34759.0,2005-2009
WEST RIDGE,"Census Tract 201, Cook County, Illinois",0.08646318570534658,0.11733296252520337,0.07710491552527289,0.0450253771813947,0.013293471459361746,0.005937565181116596,17,31,71915.0,2005-2009
WEST TOWN,"Census Tract 2401, Cook County, Illinois",0.09798040623480093,0.1225536744099868,0.09287352062440651,0.061375269240567895,0.03234360886583135,0.03551659448317391,17,31,86354.0,2005-2009
WOODLAWN,"Census Tract 4201, Cook County, Illinois",0.20213583938487825,0.11294318667236224,0.05912003417343016,0.02375053395984622,0.008244340025630072,0.00149508756941478,17,31,23410.0,2005-2009
ALBANY PARK,"Census Tract 1406.01, Cook County, Illinois",0.07591158133383714,0.09746835443037975,0.07013036085395806,0.03678443226903457,0.015397695068959003,0.014641979973549971,17,31,52930.0,2010-2014
ARCHER HEIGHTS,"Census Tract 5704, Cook County, Illinois",0.0622946135162166,0.12573224746392342,0.05322188884126304,0.03000428632661809,0.007929704243463351,0.001143020431490213,17,31,13998.0,2010-2014
ARMOUR SQUARE,"Census Tract 3404, Cook County, Illinois",0.19234657039711192,0.09357400722021661,0.048303249097472925,0.028447653429602888,0.005270758122743682,0.0038989169675090253,17,31,13850.0,2010-2014
ASHBURN,"Census Tract 7004.01, Cook County, Illinois",0.0463453946600014,0.0881590319792567,0.08645378308299656,0.05405405405405406,0.017472961293186012,0.004695274358195707,17,31,42809.0,2010-2014
AUBURN GRESHAM,"Census Tract 7107, Cook County, Illinois",0.15548927768792925,0.12169456638171851,0.05637352712608431,0.0183571023502972,0.006028018735166243,0.002436411753586356,17,31,47611.0,2010-2014
AUSTIN,"Census Tract 2508, Cook County, Illinois",0.13261325229914453,0.11143203859152952,0.04977384641614265,0.02055941671430434,0.005485854118402182,0.003841100781257835,17,31,99711.0,2010-2014
AVALON PARK,"Census Tract 8343, Cook County, Illinois",0.11348781937017231,0.12418300653594772,0.0748663101604278,0.05268369974252327,0.0106951871657754,0.004753416518122401,17,31,10098.0,2010-2014
AVONDALE,"Census Tract 2101, Cook County, Illinois",0.08704655264974308,0.1395045632333768,0.06981619244829614,0.030523813175857045,0.011887414679039804,0.007873814454073676,17,31,39117.0,2010-2014
BELMONT CRAGIN,"Census Tract 1908, Cook County, Illinois",0.07006538592874578,0.11204138157811531,0.054117289961931984,0.02702702702702703,0.00739860122171774,0.0013406012470121033,17,31,79069.0,2010-2014
BEVERLY,"Census Tract 7203, Cook County, Illinois",0.03352061708408723,0.075754690029521,0.08589658127797353,0.07032663555851823,0.049138177316446055,0.04371012284544329,17,31,21002.0,2010-2014
BRIDGEPORT,"Census Tract 8397, Cook County, Illinois",0.1134349854409969,0.13225210557625475,0.08040326873101851,0.03309433607814897,0.012085538056921006,0.009111118068818685,17,31,31939.0,2010-2014
BRIGHTON PARK,"Census Tract 5802, Cook County, Illinois",0.08107863131656469,0.12757761160208475,0.04389304328121459,0.01497847269431226,0.0020167686381146613,0.0020167686381146613,17,31,44130.0,2010-2014
BURNSIDE,"Census Tract 4701, Cook County, Illinois",0.1711229946524064,0.10886172650878534,0.033231474407944994,0.01833460656990069,0.010313216195569137,0.002291825821237586,17,31,2618.0,2010-2014
CALUMET HEIGHTS,"Census Tract 4805, Cook County, Illinois",0.0858955223880597,0.14067164179104477,0.09634328358208956,0.0535820895522388,0.012313432835820896,0.008582089552238806,17,31,13400.0,2010-2014
CHATHAM,"Census Tract 4408, Cook County, Illinois",0.1691804527990347,0.14555615533610644,0.07255580605213857,0.026482075381830884,0.010542025211951862,0.003365827326707522,17,31,31493.0,2010-2014
CHICAGO LAWN,"Census Tract 6606, Cook County, Illinois",0.10903664754054679,0.10852148579752367,0.04636455687208001,0.013820546071447604,0.002824507487609472,0.0007460963174817473,17,31,56293.0,2010-2014
CLEARING,"Census Tract 6405, Cook County, Illinois",0.0722231310322264,0.09954195975789301,0.09766072304923933,0.055210207753966956,0.014231964665467037,0.006298053328971045,17,31,24452.0,2010-2014
DOUGLAS,"Census Tract 3510, Cook County, Illinois",0.21065362840967575,0.12388059701492538,0.08754503345342254,0.0251672671127123,0.01276376737004632,0.006845084920226454,17,31,19430.0,2010-2014
DUNNING,"Census Tract 1701, Cook County, Illinois",0.06963510092211925,0.10480105915964044,0.0952546860845934,0.06227208324623139,0.014888625647457784,0.0085476041158572,17,31,43053.0,2010-2014
EAST GARFIELD PARK,"Census Tract 8368, Cook County, Illinois",0.18040550540180553,0.09136204429973854,0.047506289773568154,0.013368852054659366,0.004735829510137635,0.0020719254106852155,17,31,20271.0,2010-2014
EAST SIDE,"Census Tract 5203, Cook County, Illinois",0.07363410421668984,0.10341631913728463,0.06424027970849656,0.029066093769745987,0.010152070432621424,0.002527486414760521,17,31,23739.0,2010-2014
EDGEWATER,"Census Tract 301.02, Cook County, Illinois",0.14629133828575738,0.16782307025151777,0.1060748897017233,0.05337682416380708,0.02403936800030167,0.021927674497530074,17,31,53038.0,2010-2014
EDISON PARK,"Census Tract 901, Cook County, Illinois",0.04521058855635404,0.1051578277085418,0.10697716728827436,0.07286455016828891,0.043755116892567995,0.034567452014918586,17,31,10993.0,2010-2014
ENGLEWOOD,"Census Tract 6812, Cook County, Illinois",0.20661611166062205,0.09678719273180203,0.026156720518738324,0.010807048393596365,0.0009524856211305272,0.0016118987434516614,17,31,27297.0,2010-2014
FOREST GLEN,"Census Tract 1204, Cook County, Illinois",0.039885268968503085,0.07581989392791427,0.07273514449615759,0.07533282822816322,0.038099361402749214,0.05925966013637839,17,31,18478.0,2010-2014
FULLER PARK,"Census Tract 8355, Cook County, Illinois",0.2618953991348801,0.11049941014549744,0.03735745182854896,0.02202123476209202,0.0,0.0031458906802988595,17,31,2543.0,2010-2014
GAGE PARK,"Census Tract 6308, Cook County, Illinois",0.06864614546445111,0.10227582278794482,0.04680419008939848,0.013620266957232362,0.0022040068348976004,0.0004952824348084495,17,31,40381.0,2010-2014
GARFIELD RIDGE,"Census Tract 9801, Cook County, Illinois",0.0628903664047434,0.10402095386120945,0.08151282272688024,0.060213568200788645,0.024436577152232103,0.010649627263045794,17,31,34743.0,2010-2014
GRAND BOULEVARD,"Census Tract 8436, Cook County, Illinois",0.19972482357640584,0.11641738049798056,0.06977053836935777,0.028449691536105808,0.01406950423860459,0.010518840708357374,17,31,22531.0,2010-2014
GREATER GRAND CROSSING,"Census Tract 6913, Cook County, Illinois",0.17817893999817347,0.10873999208499498,0.05339584157813023,0.016743279856312215,0.003653079241377211,0.005570945843100247,17,31,32849.0,2010-2014
HEGEWISCH,"Census Tract 5501, Cook County, Illinois",0.10119940029985007,0.1160848147354894,0.08952666523880917,0.041979010494752625,0.027843221246519598,0.0034268579995716426,17,31,9338.0,2010-2014
HERMOSA,"Census Tract 2004.01, Cook County, Illinois",0.08270252858753423,0.10971976163633436,0.058463520695764215,0.021058141407634078,0.004992752456112096,0.0018118859719761637,17,31,24836.0,2010-2014
HUMBOLDT PARK,"Census Tract 2308, Cook County, Illinois",0.11993029441438137,0.10343942034302485,0.055819499220398056,0.014619829404750985,0.004677611666513803,0.002971659176373475,17,31,54515.0,2010-2014
HYDE PARK,"Census Tract 8362, Cook County, Illinois",0.1325014854426619,0.1166747690811862,0.07875546912980068,0.043969102792632206,0.021012261653972884,0.030789175174201912,17,31,18513.0,2010-2014
IRVING PARK,"Census Tract 1605.02, Cook County, Illinois",0.0779075942644716,0.1338644007788989,0.07369445919631794,0.04315808107629669,0.015542573906886174,0.015418658169587538,17,31,56490.0,2010-2014
JEFFERSON PARK,"Census Tract 1103, Cook County, Illinois",0.07877664504170528,0.10305838739573679,0.087451343836886,0.061427247451343835,0.026209453197405006,0.018053753475440224,17,31,26975.0,2010-2014
KENWOOD,"Census Tract 3904, Cook County, Illinois",0.186583850931677,0.1458385093167702,0.04695652173913043,0.04422360248447205,0.016231884057971015,0.038592132505175986,17,31,12075.0,2010-2014
LAKE VIEW,"Census Tract 628, Cook County, Illinois",0.08087654419930618,0.11600242721225514,0.11659778116162715,0.09096321399539746,0.03948799560354006,0.07455663304443401,17,31,87343.0,2010-2014
LINCOLN PARK,"Census Tract 705, Cook County, Illinois",0.08471440918257495,0.08759533593122167,0.09610165122591015,0.07942260162848175,0.04940031235311064,0.09208351655016603,17,31,65951.0,2010-2014
LINCOLN SQUARE,"Census Tract 401, Cook County, Illinois",0.09125850254128,0.1240802083596733,0.10852909196652084,0.059220674134574054,0.028472450501934407,0.03658937466811642,17,31,39547.0,2010-2014
LOGAN SQUARE,"Census Tract 2226, Cook County, Illinois",0.09074336641685234,0.11760178245898319,0.08141246370940518,0.05120518533522382,0.02823577071095807,0.02560259266761191,17,31,74055.0,2010-2014
LOOP,"Census Tract 3204, Cook County, Illinois",0.08795117812153254,0.09640362900593956,0.11653939037921807,0.10413811108935449,0.061875856667319366,0.0778996149076431,17,31,30642.0,2010-2014
LOWER WEST SIDE,"Census Tract 3105, Cook County, Illinois",0.11492609851625261,0.13433774550444552,0.05997884444952686,0.021298493381743333,0.0054890076903284825,0.004202521512907745,17,31,34979.0,2010-2014
MCKINLEY PARK,"Census Tract 5907, Cook County, Illinois",0.09076539607270959,0.11818347619916104,0.06875797920846252,0.023588060064441606,0.008328773785640465,0.002553346708006566,17,31,16449.0,2010-2014
MONTCLARE,"Census Tract 1801, Cook County, Illinois",0.0838006230529595,0.15038940809968848,0.057165109034267914,0.03808411214953271,0.005218068535825546,0.008255451713395638,17,31,12840.0,2010-2014
MORGAN PARK,"Census Tract 7502, Cook County, Illinois",0.0791242889157042,0.08886398896741941,0.08938114118255473,0.05128426133425271,0.021720393035683502,0.012109981037752111,17,31,23204.0,2010-2014
MOUNT GREENWOOD,"Census Tract 7401, Cook County, Illinois",0.037914691943127965,0.062482976521218064,0.09783733725554285,0.09723811080241869,0.03943999564198943,0.014599335403388354,17,31,18357.0,2010-2014
NEAR NORTH SIDE,"Census Tract 811, Cook County, Illinois",0.12127429805615551,0.11160907127429806,0.12798326133909288,0.09819114470842333,0.055183585313174945,0.1087877969762419,17,31,74080.0,2010-2014
NEAR SOUTH SIDE,"Census Tract 8410, Cook County, Illinois",0.09695290858725762,0.1392761454974797,0.11806911584396712,0.09236637754870351,0.04600154398074565,0.07946959720267018,17,31,22021.0,2010-2014
NEAR WEST SIDE,"Census Tract 2831, Cook County, Illinois",0.12100375218594543,0.07740369106436443,0.09786244248629009,0.07719995246099255,0.04030628703373572,0.04417732049780132,17,31,58899.0,2010-2014
NEW CITY,"Census Tract 8438, Cook County, Illinois",0.11031780374056445,0.10724073272753498,0.04101158709553344,0.01204384826193567,0.0055771912111159195,0.0010577431607288813,17,31,41598.0,2010-2014
NORTH CENTER,"Census Tract 503, Cook County, Illinois",0.04388912824931782,0.08536550337498205,0.10033031739192877,0.07901766479965532,0.038374263966681026,0.0743932213126526,17,31,34815.0,2010-2014
NORTH LAWNDALE,"Census Tract 2916, Cook County, Illinois",0.15902647166156697,0.08626449204165848,0.03980574348033574,0.013530584173146563,0.0021334531061392922,0.001150941807259355,17,31,35623.0,2010-2014
NORTH PARK,"Census Tract 1302, Cook County, Illinois",0.09901428729648909,0.09962343559641157,0.07758334256285303,0.04114519880385425,0.02602724554214199,0.015228707498061801,17,31,18058.0,2010-2014
NORWOOD PARK,"Census Tract 1001, Cook County, Illinois",0.06895795647645672,0.10064134188455846,0.0989146521953626,0.0713150249410733,0.028504083758153814,0.024475141150030147,17,31,36486.0,2010-2014
OAKLAND,"Census Tract 3602, Cook County, Illinois",0.21384803921568626,0.14185049019607843,0.027879901960784315,0.008884803921568627,0.0,0.0,17,31,3264.0,2010-2014
OHARE,"Census Tract 9800, Cook County, Illinois",0.13469560913526127,0.13554408541327864,0.11475641660185251,0.03231280492116241,0.01067665983171887,0.004454500459591317,17,31,14143.0,2010-2014
PORTAGE PARK,"Census Tract 1504.01, Cook County, Illinois",0.07610163440793456,0.11290297546059881,0.08907756065003802,0.04668850016297515,0.016980458503422478,0.007310599593338196,17,31,64427.0,2010-2014
PULLMAN,"Census Tract 5002, Cook County, Illinois",0.15193687230989958,0.1387374461979914,0.09038737446197992,0.036154949784791966,0.001721664275466284,0.0010043041606886656,17,31,6970.0,2010-2014
RIVERDALE,"Census Tract 5401.01, Cook County, Illinois",0.2148817802503477,0.08275382475660639,0.02239221140472879,0.002086230876216968,0.0,0.0,17,31,7190.0,2010-2014
ROGERS PARK,"Census Tract 102.01, Cook County, Illinois",0.15708522941795997,0.136140532162232,0.07573077916658387,0.04107465771118574,0.010929396101186336,0.009260179242096059,17,31,50323.0,2010-2014
ROSELAND,"Census Tract 4905, Cook County, Illinois",0.11281541554656968,0.12176113131678225,0.06210043599069284,0.026001310231097658,0.006483384914270224,0.00176203492443581,17,31,44267.0,2010-2014
SOUTH CHICAGO,"Census Tract 4602, Cook County, Illinois",0.16080560420315237,0.11768826619964974,0.050683012259194395,0.015551663747810859,0.008861646234676007,0.0028371278458844133,17,31,28550.0,2010-2014
SOUTH DEERING,"Census Tract 5103, Cook County, Illinois",0.1260115606936416,0.10712909441233141,0.06037251123956326,0.021772639691714835,0.00449582530507386,0.001477199743095697,17,31,15570.0,2010-2014
SOUTH LAWNDALE,"Census Tract 3007, Cook County, Illinois",0.09466115997310684,0.10507539687984523,0.028827815205609144,0.009042137182530427,0.0010290747931559665,0.0007546548483143755,17,31,72881.0,2010-2014
SOUTH SHORE,"Census Tract 4304, Cook County, Illinois",0.19832119741100324,0.12247168284789645,0.0654075647249191,0.02063106796116505,0.004702669902912621,0.004399271844660194,17,31,39552.0,2010-2014
UPTOWN,"Census Tract 317, Cook County, Illinois",0.1908919388849839,0.13447523214087528,0.10264141171247826,0.06074507047464023,0.026377122562983243,0.026747068180977395,17,31,54062.0,2010-2014
WASHINGTON HEIGHTS,"Census Tract 7303, Cook County, Illinois",0.10380177794590505,0.1343673160582561,0.06858331757140156,0.037185549460941936,0.005749952714204653,0.0014753168148288255,17,31,26435.0,2010-2014
WASHINGTON PARK,"Census Tract 8361, Cook County, Illinois",0.19086460032626426,0.09787928221859707,0.05134369365501846,0.009873787241349704,0.0036919378380698893,0.004550528032969864,17,31,11647.0,2010-2014
WEST ELSDON,"Census Tract 6201, Cook County, Illinois",0.05776154448212888,0.11249673884685625,0.05833550743542917,0.03287242368901644,0.002348030263501174,0.0013044612575006521,17,31,19165.0,2010-2014
WEST ENGLEWOOD,"Census Tract 6701, Cook County, Illinois",0.1370214752567694,0.0989437441643324,0.04152077497665733,0.011992296918767508,0.0023634453781512603,0.000992063492063492,17,31,34272.0,2010-2014
WEST GARFIELD PARK,"Census Tract 2606, Cook County, Illinois",0.14212337834259994,0.09245432883240667,0.04416203335980937,0.006989674344718031,0.0011649457241196717,0.0006883770187979878,17,31,18885.0,2010-2014
WEST LAWN,"Census Tract 6503.01, Cook County, Illinois",0.051408429668130355,0.10965737670639543,0.06780774860351883,0.0323804403022971,0.007676912507094423,0.0014039489798966455,17,31,33477.0,2010-2014
WEST PULLMAN,"Census Tract 5305.01, Cook County, Illinois",0.12563920454545455,0.10724431818181818,0.06296164772727272,0.020561079545454546,0.004616477272727273,0.004048295454545455,17,31,28160.0,2010-2014
WEST RIDGE,"Census Tract 202, Cook County, Illinois",0.08541612457031732,0.11514811213519768,0.06796861090948932,0.0400443720127638,0.014270258425889151,0.009189389063120558,17,31,73019.0,2010-2014
WEST TOWN,"Census Tract 2407, Cook County, Illinois",0.08280458734093146,0.10621568092600718,0.09229236589617998,0.06973517238107663,0.036350051589795894,0.048790901220365515,17,31,84319.0,2010-2014
WOODLAWN,"Census Tract 8439, Cook County, Illinois",0.19303760166594633,0.12011315861852187,0.053396723115005304,0.022631723704373108,0.01005854386861027,0.00416486582059644,17,31,25451.0,2010-2014
ALBANY PARK,"Census Tract 1401, Cook County, Illinois",0.06097658916596394,0.10502750672609726,0.0775207806288399,0.052664337630004415,0.024153716419708468,0.01915431875677629,17,31,49806.0,2015-2019
ARCHER HEIGHTS,"Census Tract 5701, Cook County, Illinois",0.06119772694157074,0.11190441497887221,0.04983243479527903,0.04633542182718928,0.011729564330467726,0.004516975083782603,17,31,13726.0,2015-2019
ARMOUR SQUARE,"Census Tract 3406, Cook County, Illinois",0.17956862165755652,0.09765105628600974,0.062269168267100015,0.02829073718422219,0.01905746786822278,0.011744718569951249,17,31,13538.0,2015-2019
ASHBURN,"Census Tract 7002, Cook County, Illinois",0.052264969093089766,0.07302334163668235,0.08598579204723683,0.0576160162376603,0.0252098902112741,0.008603192176400038,17,31,43356.0,2015-2019
AUBURN GRESHAM,"Census Tract 7101, Cook County, Illinois",0.1459626652726045,0.11834280859962099,0.06517240628199264,0.03352283865908645,0.00633862641312161,0.004465355376941341,17,31,45909.0,2015-2019
AUSTIN,"Census Tract 8313, Cook County, Illinois",0.13730301834049954,0.11060846927779615,0.050497722107823786,0.033896315896166526,0.009356962241403224,0.006796334033949662,17,31,93727.0,2015-2019
AVALON PARK,"Census Tract 8343, Cook County, Illinois",0.12488417584680325,0.12756100072068363,0.08977658807783383,0.047359209307114174,0.01884072892000412,0.004118192113662102,17,31,9713.0,2015-2019
AVONDALE,"Census Tract 8311, Cook County, Illinois",0.05740070307990976,0.1074820294873813,0.07880791227241724,0.06109974290361509,0.02487014009129545,0.028149430715147698,17,31,38118.0,2015-2019
BELMONT CRAGIN,"Census Tract 1910, Cook County, Illinois",0.06432488136283253,0.0987773692446661,0.06859963613694482,0.03555934402870192,0.012137250162211677,0.006552079490082823,17,31,78601.0,2015-2019
BEVERLY,"Census Tract 7201, Cook County, Illinois",0.03350007579202668,0.07740892324794098,0.08104694052852307,0.06861704815320095,0.05659137992016573,0.06083573341417816,17,31,19791.0,2015-2019
BRIDGEPORT,"Census Tract 6007, Cook County, Illinois",0.08662420382165605,0.11693688477127967,0.07735958309206717,0.05017371163867979,0.022929936305732482,0.022177185871453387,17,31,34540.0,2015-2019
BRIGHTON PARK,"Census Tract 5807, Cook County, Illinois",0.0757314974182444,0.11740193858139324,0.05521333454117221,0.021197572243862668,0.008605851979345954,0.006771446689011686,17,31,44156.0,2015-2019
BURNSIDE,"Census Tract 4701, Cook County, Illinois",0.2053838484546361,0.12313060817547358,0.06331006979062812,0.04835493519441675,0.0024925224327018943,0.0,17,31,2006.0,2015-2019
CALUMET HEIGHTS,"Census Tract 4805, Cook County, Illinois",0.10425282871634803,0.1389777604369879,0.08466640655481857,0.05540382364416699,0.02052282481467031,0.011236831837690206,17,31,12815.0,2015-2019
CHATHAM,"Census Tract 4409, Cook County, Illinois",0.17922304388542643,0.13698453192107726,0.08021442180385571,0.03752381567475054,0.006716827590661026,0.008428326928666,17,31,30967.0,2015-2019
CHICAGO LAWN,"Census Tract 6610, Cook County, Illinois",0.11709378407851691,0.1158280105935504,0.05191618632185699,0.023738121202679544,0.006815703380588877,0.0033494313756036766,17,31,51352.0,2015-2019
CLEARING,"Census Tract 6404, Cook County, Illinois",0.05469250480461243,0.11963484945547725,0.09513132607303011,0.055973734785393976,0.01889814221652787,0.009489109545163356,17,31,24976.0,2015-2019
DOUGLAS,"Census Tract 3510, Cook County, Illinois",0.20240715590315178,0.11820353111974898,0.07657003699714326,0.03278227883669742,0.015220343745609516,0.012223106823397181,17,31,21353.0,2015-2019
DUNNING,"Census Tract 1709, Cook County, Illinois",0.06136494418229946,0.09013695477039936,0.08914719760616872,0.07018068822649327,0.028403728852572217,0.01698699505121418,17,31,43445.0,2015-2019
EAST GARFIELD PARK,"Census Tract 2705, Cook County, Illinois",0.18109820485744457,0.09604012671594508,0.04683210137275607,0.023495248152059132,0.008922914466737064,0.0023231256599788807,17,31,18940.0,2015-2019
EAST SIDE,"Census Tract 5204, Cook County, Illinois",0.0636934620410572,0.11204316486110526,0.06870969101715635,0.037136955697002906,0.0067445095476963285,0.0057328331155418796,17,31,23723.0,2015-2019
EDGEWATER,"Census Tract 301.02, Cook County, Illinois",0.1216994242604725,0.14915082931759524,0.10168390275596946,0.06692295197357735,0.03273954554478676,0.04019347735845651,17,31,55407.0,2015-2019
EDISON PARK,"Census Tract 901, Cook County, Illinois",0.05113636363636364,0.056463068181818184,0.08975497159090909,0.07856889204545454,0.05308948863636364,0.08487215909090909,17,31,11264.0,2015-2019
ENGLEWOOD,"Census Tract 6814, Cook County, Illinois",0.2171371231621657,0.12416561232057938,0.033855416430347715,0.011168797172898216,0.002006893242005148,0.00357750534444396,17,31,22921.0,2015-2019
FOREST GLEN,"Census Tract 1201, Cook County, Illinois",0.03900123813454395,0.05659306644655386,0.05396203054065209,0.06211308295501444,0.06515683037556748,0.0828002476269088,17,31,19384.0,2015-2019
FULLER PARK,"Census Tract 8355, Cook County, Illinois",0.2721030042918455,0.15622317596566523,0.027467811158798282,0.02832618025751073,0.0,0.0,17,31,2330.0,2015-2019
GAGE PARK,"Census Tract 6302, Cook County, Illinois",0.06852019851646299,0.1053151182026789,0.05216393617588985,0.02454773467100699,0.009792411548108223,0.00189444474091467,17,31,37478.0,2015-2019
GARFIELD RIDGE,"Census Tract 5609, Cook County, Illinois",0.04802859676942511,0.08525277501545409,0.08011933238369125,0.059934958475555675,0.04012685784932943,0.0171473109898675,17,31,37207.0,2015-2019
GRAND BOULEVARD,"Census Tract 3801, Cook County, Illinois",0.19220068012189198,0.1253367486640463,0.07631497593075122,0.043280484034801045,0.021066113147551118,0.01444154926467341,17,31,22643.0,2015-2019
GREATER GRAND CROSSING,"Census Tract 6911, Cook County, Illinois",0.1794089356197552,0.11993764303957014,0.06577332581511824,0.023383860161199376,0.00935354406447975,0.00461043484029321,17,31,30149.0,2015-2019
HEGEWISCH,"Census Tract 5501, Cook County, Illinois",0.11805479150621631,0.08185719000990208,0.10001100231048521,0.06227307734624271,0.022114644075255804,0.0040708548795247,17,31,9089.0,2015-2019
HERMOSA,"Census Tract 2001, Cook County, Illinois",0.06792726033814574,0.12171542949618841,0.055150973127209235,0.03389974873301819,0.011754184234061582,0.012435586218644861,17,31,23481.0,2015-2019
HUMBOLDT PARK,"Census Tract 2307, Cook County, Illinois",0.10084170218914819,0.11552633480239867,0.05595693952749079,0.03047106422946319,0.008471208727693086,0.0051477494400693595,17,31,55364.0,2015-2019
HYDE PARK,"Census Tract 4108, Cook County, Illinois",0.14379295532646047,0.10325386597938144,0.07882302405498282,0.04112972508591065,0.024323453608247423,0.050579896907216496,17,31,18624.0,2015-2019
IRVING PARK,"Census Tract 1609, Cook County, Illinois",0.05126097515411918,0.12241733607322997,0.08735288623201942,0.056230151317018494,0.031571081636465534,0.03526994208854848,17,31,53530.0,2015-2019
JEFFERSON PARK,"Census Tract 1101, Cook County, Illinois",0.05879358615423772,0.09318983383630877,0.08900847180307603,0.07282841871795805,0.038214013016761805,0.025415409228084208,17,31,27503.0,2015-2019
KENWOOD,"Census Tract 3904, Cook County, Illinois",0.18303926243840407,0.11238276903512955,0.07478938165633445,0.04736925766968685,0.027658559847401048,0.04959465903671912,17,31,12582.0,2015-2019
LAKE VIEW,"Census Tract 8319, Cook County, Illinois",0.055296513504189806,0.1051512892133406,0.10893491058412437,0.09382268169728804,0.054884766472663334,0.09860784990151455,17,31,89861.0,2015-2019
LINCOLN PARK,"Census Tract 8325, Cook County, Illinois",0.056992730151875046,0.0616281580652127,0.0870222414165407,0.08440221694378464,0.05356654430288635,0.1227380695314187,17,31,69465.0,2015-2019
LINCOLN SQUARE,"Census Tract 8308, Cook County, Illinois",0.04947390922262072,0.11733130655772747,0.0955276346103603,0.08790347481177113,0.03728950431085671,0.04823884283780253,17,31,42103.0,2015-2019
LOGAN SQUARE,"Census Tract 8309, Cook County, Illinois",0.06284372995619363,0.08940049401585763,0.08925037870000137,0.07796443631698896,0.03904362896952659,0.0543144506461782,17,31,73277.0,2015-2019
LOOP,"Census Tract 8390, Cook County, Illinois",0.06899495537446644,0.06558013193636011,0.11129220023282888,0.11095589186392446,0.06617513905057561,0.11310309145000647,17,31,38655.0,2015-2019
LOWER WEST SIDE,"Census Tract 3104, Cook County, Illinois",0.08475137788754028,0.12730777339397042,0.08562479294039695,0.04851971207421016,0.015239586784326718,0.013974640845706713,17,31,33203.0,2015-2019
MCKINLEY PARK,"Census Tract 5906, Cook County, Illinois",0.07827633919746986,0.1221585293536272,0.07326876194241286,0.04355274428411412,0.01923963892732424,0.004480463859787837,17,31,15177.0,2015-2019
MONTCLARE,"Census Tract 8316, Cook County, Illinois",0.07990467512441297,0.09441368192331955,0.059227588140464006,0.048433447816639795,0.02158828064764842,0.01605102684516717,17,31,14267.0,2015-2019
MORGAN PARK,"Census Tract 7502, Cook County, Illinois",0.08323040380047506,0.10033254156769596,0.08033254156769597,0.06755344418052256,0.026033254156769596,0.027363420427553443,17,31,21050.0,2015-2019
MOUNT GREENWOOD,"Census Tract 7403, Cook County, Illinois",0.03434080250130276,0.06539864512767066,0.07008858780614903,0.08858780614903596,0.0552892131318395,0.03501823866597186,17,31,19190.0,2015-2019
NEAR NORTH SIDE,"Census Tract 8383, Cook County, Illinois",0.08666097144251891,0.08955333170612644,0.12147913107151574,0.10144007810593117,0.06224066390041494,0.14908469611911154,17,31,81940.0,2015-2019
NEAR SOUTH SIDE,"Census Tract 3302, Cook County, Illinois",0.10315823527033038,0.06551012980710906,0.1023899065874075,0.10348174208419265,0.08386914149379271,0.12721905455133647,17,31,24729.0,2015-2019
NEAR WEST SIDE,"Census Tract 2831, Cook County, Illinois",0.10125059363621973,0.06313123318030711,0.0786290960899161,0.07338926705714738,0.05998100364096882,0.07658698749406363,17,31,63170.0,2015-2019
NEW CITY,"Census Tract 6119, Cook County, Illinois",0.11658398299078668,0.11977321048901489,0.05611521717120583,0.018198845803381592,0.007795889440113395,0.005391313151766731,17,31,39508.0,2015-2019
NORTH CENTER,"Census Tract 501, Cook County, Illinois",0.03255211996736348,0.05643867990884281,0.07070309202937287,0.07036547280758518,0.05334383704245562,0.11310243929887742,17,31,35543.0,2015-2019
NORTH LAWNDALE,"Census Tract 8386, Cook County, Illinois",0.15929286315592556,0.10856483646681009,0.053159978798366224,0.015433542231783743,0.005425123936020952,0.0034296760515074983,17,31,32073.0,2015-2019
NORTH PARK,"Census Tract 8318, Cook County, Illinois",0.08306016707201015,0.10024320609072644,0.05646610975996616,0.05123189172041874,0.029449085333615312,0.0263297028656022,17,31,18914.0,2015-2019
NORWOOD PARK,"Census Tract 1004, Cook County, Illinois",0.05935555321168653,0.08530218331399642,0.08414196814681996,0.08037126885349646,0.04590760468305031,0.04097669022255036,17,31,37924.0,2015-2019
OAKLAND,"Census Tract 3602, Cook County, Illinois",0.14011627906976745,0.17325581395348838,0.05552325581395349,0.03924418604651163,0.0014534883720930232,0.006395348837209302,17,31,3440.0,2015-2019
OHARE,"Census Tract 7608.01, Cook County, Illinois",0.1080009330534173,0.16717207060104192,0.11772023948371044,0.05069590234040899,0.020760438535106136,0.01150765881346707,17,31,12861.0,2015-2019
PORTAGE PARK,"Census Tract 8317, Cook County, Illinois",0.05312282331088925,0.09632381394628899,0.0843433170807213,0.05804504295333179,0.03262905347883291,0.023512112065629594,17,31,64605.0,2015-2019
PULLMAN,"Census Tract 5001, Cook County, Illinois",0.13640350877192983,0.15862573099415206,0.10789473684210527,0.042251461988304095,0.01432748538011696,0.0005847953216374269,17,31,6840.0,2015-2019
RIVERDALE,"Census Tract 5401.01, Cook County, Illinois",0.22706889523033022,0.09947003668976763,0.013181138741676859,0.013181138741676859,0.003261312678353037,0.002717760565294198,17,31,7359.0,2015-2019
ROGERS PARK,"Census Tract 8306, Cook County, Illinois",0.13455493215550515,0.15470932314671124,0.08608889419442123,0.04605865266006128,0.018204607854840633,0.014882018224503602,17,31,50262.0,2015-2019
ROSELAND,"Census Tract 4903, Cook County, Illinois",0.11815024768908636,0.11950360042898728,0.0677697768244727,0.03751085235687657,0.009090444818957152,0.005541085746386803,17,31,39162.0,2015-2019
SOUTH CHICAGO,"Census Tract 4601, Cook County, Illinois",0.1284072688401924,0.12306253340459647,0.07258818813468733,0.02926242650988776,0.005845804382683058,0.0027391769107429184,17,31,29936.0,2015-2019
SOUTH DEERING,"Census Tract 8388, Cook County, Illinois",0.13066235864297254,0.11702746365105009,0.05822294022617124,0.02494345718901454,0.007302100161550889,0.004717285945072698,17,31,15475.0,2015-2019
SOUTH LAWNDALE,"Census Tract 8305, Cook County, Illinois",0.08606233629446901,0.102290838033732,0.03982981554111174,0.014842634810205525,0.0055157503776487385,0.0019956483778427597,17,31,72157.0,2015-2019
SOUTH SHORE,"Census Tract 4304, Cook County, Illinois",0.18532607344422067,0.11774943437507769,0.06295218915491907,0.036572934536684816,0.008652196613709256,0.009174311926605505,17,31,40221.0,2015-2019
UPTOWN,"Census Tract 8307, Cook County, Illinois",0.13871038844334424,0.13706573526170332,0.10308753963275064,0.06863459875548925,0.03353736075552315,0.03626714593329829,17,31,58979.0,2015-2019
WASHINGTON HEIGHTS,"Census Tract 7307, Cook County, Illinois",0.10193702789619326,0.09393463465709372,0.08080921397053324,0.0475656271034328,0.015443871064243513,0.007591055268865455,17,31,26742.0,2015-2019
WASHINGTON PARK,"Census Tract 8345, Cook County, Illinois",0.20430303582824322,0.12863524478074573,0.04886498313428754,0.02671164189989972,0.0036466405324095176,0.0004558300665511897,17,31,10969.0,2015-2019
WEST ELSDON,"Census Tract 6203, Cook County, Illinois",0.042821290390044967,0.09040050193453937,0.07084596883823067,0.04831119941440971,0.012966642267071003,0.005333054480811461,17,31,19126.0,2015-2019
WEST ENGLEWOOD,"Census Tract 6702, Cook County, Illinois",0.17106961208532603,0.12039778334472026,0.04201776360737873,0.016738783876110226,0.004402945418659379,0.005313899643209595,17,31,26346.0,2015-2019
WEST GARFIELD PARK,"Census Tract 2605, Cook County, Illinois",0.167590618336887,0.09582698751142248,0.0419128845568078,0.014011574779165398,0.0028632348461772768,0.0038988729820286323,17,31,16415.0,2015-2019
WEST LAWN,"Census Tract 6501, Cook County, Illinois",0.05572978736749671,0.10387003700683686,0.06579690146145643,0.04453365113215831,0.011948817662924167,0.008906730226431663,17,31,31886.0,2015-2019
WEST PULLMAN,"Census Tract 5303, Cook County, Illinois",0.10274530116915791,0.10947905875388486,0.06545064377682404,0.0412905135415125,0.011617581767056386,0.007177741601302353,17,31,27028.0,2015-2019
WEST RIDGE,"Census Tract 203.02, Cook County, Illinois",0.0693293910738409,0.11078683761119466,0.0660795758672546,0.044452374276756815,0.018963627558432953,0.01809701017000994,17,31,78466.0,2015-2019
WEST TOWN,"Census Tract 2423, Cook County, Illinois",0.056616163425146554,0.07274615853003331,0.0883269458075146,0.0920042503910121,0.05496853994293014,0.08687035113483052,17,31,83757.0,2015-2019
WOODLAWN,"Census Tract 4205, Cook County, Illinois",0.20101432941555306,0.10670584446948962,0.06734020286588312,0.03542102720978908,0.014128159716631783,0.004145870230236677,17,31,24844.0,2015-2019
ALBANY PARK,Census Tract 1401; Cook County; Illinois,0.04496150053500619,0.0920210645574135,0.08035583156746323,0.06778843127793047,0.0328976354824497,0.04028281895810167,17,31,47663.0,2018-2022
ARCHER HEIGHTS,Census Tract 5701; Cook County; Illinois,0.06793105934953486,0.09656017884185476,0.06172928535371746,0.05350832912670368,0.025095550587726258,0.01608134419845677,17,31,13867.0,2018-2022
ARMOUR SQUARE,Census Tract 3403; Cook County; Illinois,0.15121655423330554,0.10619267793526871,0.07882968240733722,0.04752520275903888,0.02296672477829152,0.02114757826119912,17,31,13193.0,2018-2022
ASHBURN,Census Tract 7001; Cook County; Illinois,0.04538542519592935,0.07387998596327056,0.0836121183764183,0.07037080360276056,0.02489180021055094,0.016867469879518072,17,31,42745.0,2018-2022
AUBURN GRESHAM,Census Tract 7101; Cook County; Illinois,0.12722733924421106,0.12059912197641387,0.06499096152190754,0.04611775845743307,0.017904794697426184,0.008887836790909874,17,31,46468.0,2018-2022
AUSTIN,Census Tract 2502; Cook County; Illinois,0.125,0.10734119057131443,0.054454654414702354,0.038573711546144626,0.01643028365960847,0.013793447862564923,17,31,100120.0,2018-2022
AVALON PARK,Census Tract 4503; Cook County; Illinois,0.10210428112366539,0.1376593759718047,0.07473826059915,0.06022597698766456,0.03928682491966414,0.01192080439514875,17,31,9647.0,2018-2022
AVONDALE,Census Tract 2101; Cook County; Illinois,0.04577445428053005,0.07898498927805575,0.09295100896244571,0.0787375597954583,0.04915599054269533,0.05146533238027162,17,31,36374.0,2018-2022
BELMONT CRAGIN,Census Tract 1901; Cook County; Illinois,0.05616899352623968,0.09525482828992715,0.0772931843061994,0.046600262194050626,0.021705342541660472,0.014745036558500358,17,31,73991.0,2018-2022
BEVERLY,Census Tract 7201; Cook County; Illinois,0.022900763358778626,0.04898640109195693,0.06137202365906678,0.08078459127445528,0.05555836408674991,0.10510085435518933,17,31,19781.0,2018-2022
BRIDGEPORT,Census Tract 6004; Cook County; Illinois,0.07525360464766262,0.08473555883326811,0.1087866108786611,0.06923331627584961,0.029198398603293096,0.042533337346858914,17,31,33221.0,2018-2022
BRIGHTON PARK,Census Tract 5801; Cook County; Illinois,0.06093317235991762,0.11720285017636058,0.06417631323532894,0.03932012404422035,0.015931633643443886,0.012664820206898185,17,31,42243.0,2018-2022
BURNSIDE,Census Tract 4701; Cook County; Illinois,0.091273374888691,0.21772039180765806,0.04452359750667854,0.04452359750667854,0.006233303650934996,0.0396260017809439,17,31,2246.0,2018-2022
CALUMET HEIGHTS,Census Tract 4801; Cook County; Illinois,0.09415074046496236,0.11218664681062299,0.11351038305617606,0.07181269132125424,0.03987755439728634,0.025895590303632,17,31,12087.0,2018-2022
CHATHAM,Census Tract 4401.01; Cook County; Illinois,0.15704668006764302,0.15803579975112472,0.07909766759197218,0.05583740148687023,0.014230560607510928,0.014198653520947003,17,31,31341.0,2018-2022
CHICAGO LAWN,Census Tract 6603.01; Cook County; Illinois,0.09130070143336383,0.11630832570905764,0.07166819152180542,0.035757853003964626,0.01094083562061604,0.008767917047880451,17,31,52464.0,2018-2022
CLEARING,Census Tract 6401; Cook County; Illinois,0.04735522484632805,0.10178744742801682,0.07590585571012617,0.07946457457133614,0.035182788741507605,0.021514073115496603,17,31,24728.0,2018-2022
DOUGLAS,Census Tract 3501; Cook County; Illinois,0.17087333177241865,0.13092952470147506,0.09299929758838679,0.045844064621868415,0.01980800749239054,0.03006321704518848,17,31,21355.0,2018-2022
DUNNING,Census Tract 1701; Cook County; Illinois,0.055644289942218254,0.08462911636209894,0.08359562174096867,0.07323718701554939,0.04695353971907737,0.03643068539484192,17,31,42574.0,2018-2022
EAST GARFIELD PARK,Census Tract 2705; Cook County; Illinois,0.16215265564544495,0.09713079744736446,0.05070096980051254,0.03351590372343098,0.013868649816592131,0.013667654891713983,17,31,19901.0,2018-2022
EAST SIDE,Census Tract 5201; Cook County; Illinois,0.04677971765098989,0.10404310416840698,0.07021134408153036,0.06043772450087712,0.014200985715479075,0.014284520925570128,17,31,23942.0,2018-2022
EDGEWATER,Census Tract 301.01; Cook County; Illinois,0.09882532247871827,0.1394743689825657,0.11354596483402105,0.0796067060704063,0.039106352923683134,0.057841715921341214,17,31,53802.0,2018-2022
EDISON PARK,Census Tract 901; Cook County; Illinois,0.048851078758112614,0.0480617435537625,0.06384844764076478,0.08796702332924049,0.0499035256972461,0.0973513418698474,17,31,11402.0,2018-2022
ENGLEWOOD,Census Tract 6805; Cook County; Illinois,0.19992515670315278,0.13401627841706426,0.06113761811207784,0.02469828795958462,0.005005145476658247,0.005051922537187763,17,31,21378.0,2018-2022
FOREST GLEN,Census Tract 1201; Cook County; Illinois,0.027600100730294636,0.04920674892974062,0.0541425333669101,0.05847393603626291,0.04855200201460589,0.11624276001007303,17,31,19855.0,2018-2022
FULLER PARK,Census Tract 8355; Cook County; Illinois,0.37068160597572364,0.096171802054155,0.02054154995331466,0.0350140056022409,0.0,0.0,17,31,2142.0,2018-2022
GAGE PARK,Census Tract 6303; Cook County; Illinois,0.06315396113602392,0.11411981142922847,0.05591008393698977,0.04285960676095205,0.01733356329768886,0.002730826721858112,17,31,34788.0,2018-2022
GARFIELD RIDGE,Census Tract 5601; Cook County; Illinois,0.04373506222356529,0.07892640312079338,0.06617950056317135,0.08881624131205186,0.037279195626493775,0.03486167962418615,17,31,36401.0,2018-2022
GRAND BOULEVARD,Census Tract 3801; Cook County; Illinois,0.17357836617901906,0.11103050820134606,0.09261274332003386,0.06383750453391368,0.022528513279329383,0.02591383548946117,17,31,24813.0,2018-2022
GREATER GRAND CROSSING,Census Tract 6903; Cook County; Illinois,0.16111896795557243,0.12445241626711738,0.0891656031182091,0.04104722155151599,0.011486323341726742,0.007967990065882516,17,31,28991.0,2018-2022
HEGEWISCH,Census Tract 5501; Cook County; Illinois,0.1142382271468144,0.09506925207756232,0.07922437673130193,0.05218836565096953,0.05152354570637119,0.020498614958448753,17,31,9025.0,2018-2022
HERMOSA,Census Tract 2001; Cook County; Illinois,0.04767456924472082,0.09534913848944164,0.0821349915792201,0.05410890875329274,0.01895755063263808,0.021634926803990154,17,31,23157.0,2018-2022
HUMBOLDT PARK,Census Tract 2301; Cook County; Illinois,0.08477695972282373,0.11016673884798614,0.06591959001010539,0.04107117078100188,0.01737765266349069,0.01927241229969684,17,31,55416.0,2018-2022
HYDE PARK,Census Tract 4102; Cook County; Illinois,0.116272040302267,0.10801007556675063,0.08896725440806046,0.053602015113350124,0.03093198992443325,0.06110831234256927,17,31,19850.0,2018-2022
IRVING PARK,Census Tract 1601; Cook County; Illinois,0.05148925052254404,0.09174380412063303,0.08832860555389668,0.07128993729471483,0.042288742908330845,0.06218274111675127,17,31,53584.0,2018-2022
JEFFERSON PARK,Census Tract 1101; Cook County; Illinois,0.0490529742527375,0.08127404557561409,0.09170612607280261,0.09192808523231726,0.039434744007102694,0.043947913583900565,17,31,27032.0,2018-2022
KENWOOD,Census Tract 3901; Cook County; Illinois,0.15968190854870776,0.11713717693836978,0.06990059642147117,0.06727634194831014,0.03459244532803181,0.06377733598409542,17,31,12575.0,2018-2022
LAKE VIEW,Census Tract 601; Cook County; Illinois,0.05619269859877683,0.08986850399796507,0.11424337266785371,0.08980214773116864,0.05818338660266974,0.12688424149257363,17,31,90421.0,2018-2022
LINCOLN PARK,Census Tract 701.01; Cook County; Illinois,0.05393710473378775,0.05441468038611268,0.07429919391018683,0.07822110305503698,0.04662875005426996,0.1652411757044241,17,31,69099.0,2018-2022
LINCOLN SQUARE,Census Tract 401; Cook County; Illinois,0.047952496983747726,0.1055806581344184,0.09744269120673749,0.09356296278772681,0.04288992453455087,0.07075772988573727,17,31,42271.0,2018-2022
LOGAN SQUARE,Census Tract 2203; Cook County; Illinois,0.05505170602223083,0.07808438865232539,0.09344411878559973,0.08311673947906874,0.04815296134490958,0.08908919980091799,17,31,72332.0,2018-2022
LOOP,Census Tract 3201.01; Cook County; Illinois,0.058961867965731565,0.06935278731011975,0.08420724244678554,0.12579491732859782,0.07753593626262868,0.1334021261788774,17,31,41671.0,2018-2022
LOWER WEST SIDE,Census Tract 3102; Cook County; Illinois,0.07538627800332973,0.10117708911411631,0.09688348862341911,0.07602885766860414,0.027981423606040248,0.031603236264859655,17,31,34237.0,2018-2022
MCKINLEY PARK,Census Tract 5905; Cook County; Illinois,0.04548097422314103,0.11402545384068738,0.07506944893080948,0.07222688804186317,0.037986950061373474,0.01789521286904839,17,31,15479.0,2018-2022
MONTCLARE,Census Tract 1801; Cook County; Illinois,0.07032328369051943,0.08398111151471123,0.06937885942608064,0.06116963312749728,0.033200145296040685,0.028114783872139483,17,31,13765.0,2018-2022
MORGAN PARK,Census Tract 7501; Cook County; Illinois,0.07520030891012645,0.10290568587701515,0.08654310261608264,0.06583647070180519,0.040303118061588955,0.03499372526305628,17,31,20718.0,2018-2022
MOUNT GREENWOOD,Census Tract 7401; Cook County; Illinois,0.031745201610794416,0.06485016474033785,0.061816850583128496,0.08906437947806077,0.0646932691804822,0.06275822394226244,17,31,19121.0,2018-2022
NEAR NORTH SIDE,Census Tract 801; Cook County; Illinois,0.0782122905027933,0.0785952423860155,0.10350964137682465,0.10352090466750766,0.07263696161470536,0.1852022887006668,17,31,88784.0,2018-2022
NEAR SOUTH SIDE,Census Tract 3301.01; Cook County; Illinois,0.07410688970796711,0.050503260561383614,0.1068188261979019,0.09133115962574426,0.09420187127870712,0.15625886022115112,17,31,28216.0,2018-2022
NEAR WEST SIDE,Census Tract 2801; Cook County; Illinois,0.08836400786813253,0.06959332733566125,0.07521995699974078,0.08629023650142571,0.058751772617068966,0.11626843140543755,17,31,65581.0,2018-2022
NEW CITY,Census Tract 6103; Cook County; Illinois,0.11284350029234068,0.10037029818748781,0.06097739232118495,0.03191385694796336,0.018466185928668874,0.014081075813681544,17,31,41048.0,2018-2022
NORTH CENTER,Census Tract 501; Cook County; Illinois,0.03356229407494276,0.03713631540738259,0.06059083040151896,0.07226224381526777,0.04562461607192718,0.15418551404478695,17,31,35814.0,2018-2022
NORTH LAWNDALE,Census Tract 2909; Cook County; Illinois,0.16393173073761058,0.11638001907330067,0.05205695682199349,0.03452925120852379,0.008977605314216186,0.01187148541550199,17,31,30409.0,2018-2022
NORTH PARK,Census Tract 1301; Cook County; Illinois,0.06232601299103,0.07670893906588308,0.07629652541499124,0.054283946798639036,0.03861222806474894,0.04294257139911331,17,31,19398.0,2018-2022
NORWOOD PARK,Census Tract 1001; Cook County; Illinois,0.044372679652138536,0.06512231093932767,0.06896200986624625,0.08231195646645985,0.05253521843055485,0.06921629456339318,17,31,39326.0,2018-2022
OAKLAND,Census Tract 3602; Cook County; Illinois,0.20726361928616155,0.19160926737633063,0.033813400125234816,0.019411396368190358,0.009079524107701941,0.019724483406386977,17,31,3194.0,2018-2022
OHARE,Census Tract 7608.01; Cook County; Illinois,0.056422917725655365,0.1429090116912352,0.11654927020550432,0.1076900733425314,0.0331130636845545,0.020986130273763705,17,31,13771.0,2018-2022
PORTAGE PARK,Census Tract 1502; Cook County; Illinois,0.044476975067353965,0.08708516966969305,0.0757323283447277,0.06514257237631009,0.04036565804432125,0.045302353106068866,17,31,64213.0,2018-2022
PULLMAN,Census Tract 5001; Cook County; Illinois,0.10822637106184364,0.15198366394399065,0.10020420070011668,0.09991248541423571,0.008897316219369894,0.007438739789964994,17,31,6856.0,2018-2022
RIVERDALE,Census Tract 5401.01; Cook County; Illinois,0.20583343993859538,0.11871561980299347,0.02673659971856211,0.01714212613534604,0.004093642062172189,0.002302673659971856,17,31,7817.0,2018-2022
ROGERS PARK,Census Tract 101; Cook County; Illinois,0.09709590538272377,0.13720285725438153,0.11618330145595065,0.05548616261368516,0.0225613802256138,0.030172918537023304,17,31,51238.0,2018-2022
ROSELAND,Census Tract 4902; Cook County; Illinois,0.09702206859877692,0.11595320393512364,0.08417973943100239,0.04528051050252593,0.014490826907737304,0.011433129486838606,17,31,37610.0,2018-2022
SOUTH CHICAGO,Census Tract 4601; Cook County; Illinois,0.11552036945406564,0.11634504370773545,0.07135081642751114,0.041794491175985486,0.022662048490846114,0.006036615536862939,17,31,30315.0,2018-2022
SOUTH DEERING,Census Tract 5101; Cook County; Illinois,0.13996582993823103,0.09442765146536995,0.05992903141017217,0.04501248521487712,0.012485214877119202,0.010382441845183336,17,31,15218.0,2018-2022
SOUTH LAWNDALE,Census Tract 3005; Cook County; Illinois,0.07527113100361509,0.11407585929878923,0.050352900671372006,0.02569289034257187,0.015493200206576003,0.008679061226831928,17,31,69708.0,2018-2022
SOUTH SHORE,Census Tract 4301.01; Cook County; Illinois,0.15886426922436156,0.14377513863436228,0.07623104933717305,0.03915081990622843,0.016279125116024466,0.016683723254873026,17,31,42017.0,2018-2022
UPTOWN,Census Tract 310; Cook County; Illinois,0.12917652791312823,0.12280732284560769,0.13286579423639147,0.07648266740916052,0.04595920924404845,0.05027495475428094,17,31,57464.0,2018-2022
WASHINGTON HEIGHTS,Census Tract 7301; Cook County; Illinois,0.07177955851224675,0.09169942546114303,0.09786059872996673,0.06357726035681886,0.016517992137889327,0.02060024191109767,17,31,26456.0,2018-2022
WASHINGTON PARK,Census Tract 4003; Cook County; Illinois,0.21049652272359695,0.0972828723920427,0.06711952126799288,0.031861555879023125,0.010997897460779556,0.009137958919618308,17,31,12366.0,2018-2022
WEST ELSDON,Census Tract 6201; Cook County; Illinois,0.05428509201785909,0.08847871066100403,0.06849613416094959,0.04317761080256997,0.026516388979636284,0.021017096809321574,17,31,18366.0,2018-2022
WEST ENGLEWOOD,Census Tract 6701; Cook County; Illinois,0.16036784106782553,0.12470898649697346,0.04660096228465001,0.03100263852242744,0.012649386931553624,0.005859071860934348,17,31,25772.0,2018-2022
WEST GARFIELD PARK,Census Tract 2601; Cook County; Illinois,0.1522535727372664,0.11512153413948943,0.048430438500061075,0.028459753267375106,0.011725906925613778,0.004946866984243312,17,31,16374.0,2018-2022
WEST LAWN,Census Tract 6501; Cook County; Illinois,0.04807633306743572,0.08253052709087562,0.06590169969933117,0.05752592501687427,0.022734245566668712,0.018500337485426767,17,31,32594.0,2018-2022
WEST PULLMAN,Census Tract 5301; Cook County; Illinois,0.10475853668120555,0.1166254076781013,0.0742268851428347,0.04432394200165036,0.02506974733781288,0.007780266415183308,17,31,25449.0,2018-2022
WEST RIDGE,Census Tract 201; Cook County; Illinois,0.055913707184759985,0.0966757080678736,0.07329842931937172,0.05393300952501104,0.020475619756512964,0.034226960196808175,17,31,79265.0,2018-2022
WEST TOWN,Census Tract 2402; Cook County; Illinois,0.04704807849933257,0.0558300742371373,0.09177771012388469,0.07264466874312077,0.07375705486990937,0.1329945434533149,17,31,85402.0,2018-2022
WOODLAWN,Census Tract 4201; Cook County; Illinois,0.18622381581430458,0.10515191545574637,0.08480845442536328,0.04397056048311002,0.017588224193244007,0.009699943385544443,17,31,26495.0,2018-2022
