community_area,NAME,0-15k,15-25k,25-50k,50-75k,75k+,state,county,population,period
ALBANY PARK,"Census Tract 1401, Cook County, Illinois",0.13899386596274,0.11383101961752473,0.1393357008564863,0.054237803141082855,0.04204569193079742,17,31,52657.0,2005-2009
ARCHER HEIGHTS,"Census Tract 5701, Cook County, Illinois",0.08989037758830694,0.10353227771010962,0.16662606577344702,0.04506699147381242,0.019650832318311003,17,31,12315.0,2005-2009
ARMOUR SQUARE,"Census Tract 3401, Cook County, Illinois",0.1279941754641427,0.08627593738623954,0.09508554787040407,0.06465234801601748,0.03159810702584638,17,31,13735.0,2005-2009
ASHBURN,"Census Tract 7001, Cook County, Illinois",0.06720146996213056,0.05803661460550787,0.14661527774665561,0.092612095816434,0.046182804132027695,17,31,44627.0,2005-2009
AUBURN GRESHAM,"Census Tract 7101, Cook County, Illinois",0.08749864273046437,0.06543848854464512,0.11328676390748851,0.05467081689529118,0.013988924680589236,17,31,55258.0,2005-2009
AUSTIN,"Census Tract 2501, Cook County, Illinois",0.08592116471772632,0.07505033686982111,0.12893014791295593,0.04854603887555177,0.018895686517463022,17,31,103304.0,2005-2009
AVALON PARK,"Census Tract 4501, Cook County, Illinois",0.08406909788867563,0.06247600767754319,0.09568138195777351,0.07917466410748561,0.04337811900191939,17,31,10420.0,2005-2009
AVONDALE,"Census Tract 2101, Cook County, Illinois",0.13376158532249272,0.11742953990565815,0.17583615805816957,0.0463412899708441,0.03603005665252329,17,31,42187.0,2005-2009
BELMONT CRAGIN,"Census Tract 1901, Cook County, Illinois",0.1194381691385915,0.12728366565170415,0.139856104508398,0.036821039190649246,0.01570327079854631,17,31,81448.0,2005-2009
BEVERLY,"Census Tract 7201, Cook County, Illinois",0.07365101014406274,0.03102889779217458,0.11137157957548376,0.11154206802489132,0.14095132554769416,17,31,23462.0,2005-2009
BRIDGEPORT,"Census Tract 6001, Cook County, Illinois",0.10174723714268075,0.08353398777551399,0.15329999382601717,0.0773908748533679,0.04361918873865531,17,31,32394.0,2005-2009
BRIGHTON PARK,"Census Tract 5801, Cook County, Illinois",0.11210258444047855,0.11157379866481591,0.13640469738030714,0.03752175733139445,0.011501090620662305,17,31,45387.0,2005-2009
BURNSIDE,"Census Tract 4701, Cook County, Illinois",0.08554857419043016,0.04204929917834703,0.0860318994683422,0.04374093765103915,0.004833252779120348,17,31,4138.0,2005-2009
CALUMET HEIGHTS,"Census Tract 4801, Cook County, Illinois",0.07765808532651695,0.03268212525104985,0.12135597346479216,0.07644087395776276,0.04680177712859838,17,31,16431.0,2005-2009
CHATHAM,"Census Tract 4401, Cook County, Illinois",0.09340148698884758,0.06101027771703477,0.15452110212114586,0.05423135797069757,0.03389459873168598,17,31,36584.0,2005-2009
CHICAGO LAWN,"Census Tract 6601, Cook County, Illinois",0.08761313125903711,0.08500687266820187,0.13591817062068226,0.0434673949909852,0.011781716917474429,17,31,56019.0,2005-2009
CLEARING,"Census Tract 6401, Cook County, Illinois",0.07911612139035248,0.06122615692521342,0.19940366785116204,0.07691050933300658,0.036392598946207576,17,31,24483.0,2005-2009
DOUGLAS,"Census Tract 3501, Cook County, Illinois",0.12647359138587208,0.03875429314025805,0.12447786131996658,0.06140350877192982,0.05847953216374269,17,31,21546.0,2005-2009
DUNNING,"Census Tract 1701, Cook County, Illinois",0.09468475729894323,0.08237058928891278,0.17067436861902202,0.08727386709654308,0.06633978147949131,17,31,44664.0,2005-2009
EAST GARFIELD PARK,"Census Tract 2701, Cook County, Illinois",0.08089887640449438,0.0461391345923978,0.0958642122878317,0.04451350705235477,0.01587377480277313,17,31,20915.0,2005-2009
EAST SIDE,"Census Tract 5201, Cook County, Illinois",0.08546301864101022,0.07986319903788335,0.11105682501503307,0.052690920024052915,0.019618159951894167,17,31,26608.0,2005-2009
EDGEWATER,"Census Tract 301, Cook County, Illinois",0.10325692355564775,0.07817308024755384,0.1689485876292224,0.10923832244234692,0.09615185146769008,17,31,57846.0,2005-2009
EDISON PARK,"Census Tract 901, Cook County, Illinois",0.07486128894579598,0.040631668800682884,0.1365770379854887,0.13469910371318822,0.14383269312846778,17,31,11715.0,2005-2009
ENGLEWOOD,"Census Tract 6801, Cook County, Illinois",0.08349911896777128,0.051327232421986016,0.08708008867163076,0.02734041948502245,0.009492411754675155,17,31,35186.0,2005-2009
FOREST GLEN,"Census Tract 1201, Cook County, Illinois",0.06853994960925823,0.031131229448691122,0.11273860870307896,0.09061792714694453,0.1304607763590554,17,31,23417.0,2005-2009
FULLER PARK,"Census Tract 3701, Cook County, Illinois",0.06753090141694303,0.11878203195658728,0.04069942719324691,0.025324088031353633,0.0,17,31,3317.0,2005-2009
GAGE PARK,"Census Tract 6301, Cook County, Illinois",0.10585027888246917,0.10847652635001626,0.12691028238413246,0.026462569720617293,0.009629574047672644,17,31,39981.0,2005-2009
GARFIELD RIDGE,"Census Tract 8208, Cook County, Illinois",0.0777532376267443,0.0575494428270254,0.14559281196667,0.08452966569621524,0.05300672623230599,17,31,39844.0,2005-2009
GRAND BOULEVARD,"Census Tract 3801, Cook County, Illinois",0.08775313404050145,0.03995040639206502,0.11360609817697571,0.07347201175552188,0.048124167699866834,17,31,21777.0,2005-2009
GREATER GRAND CROSSING,"Census Tract 6901, Cook County, Illinois",0.07863339116508741,0.06643533965034032,0.10473775523822235,0.04900573868944348,0.020979580942212733,17,31,37465.0,2005-2009
HEGEWISCH,"Census Tract 5501, Cook County, Illinois",0.10082720588235294,0.050551470588235295,0.1333639705882353,0.09108455882352941,0.03272058823529412,17,31,10880.0,2005-2009
HERMOSA,"Census Tract 2001, Cook County, Illinois",0.09551036070606293,0.12475057559478127,0.16174213353798925,0.04286262471220261,0.011895625479662318,17,31,26060.0,2005-2009
HUMBOLDT PARK,"Census Tract 2301, Cook County, Illinois",0.07364575939615324,0.0874781434482281,0.11805134774855877,0.028409189273410313,0.015442411232103596,17,31,57763.0,2005-2009
HYDE PARK,"Census Tract 4101, Cook County, Illinois",0.12335168816113606,0.054955803506738156,0.1366468627735111,0.08038690044921026,0.10339081292566295,17,31,27604.0,2005-2009
IRVING PARK,"Census Tract 1608, Cook County, Illinois",0.10133538777606574,0.08411230953603835,0.17871939736346515,0.0864749186783085,0.058431775380927926,17,31,58410.0,2005-2009
JEFFERSON PARK,"Census Tract 1101, Cook County, Illinois",0.08971956129390532,0.07319866722199084,0.16493127863390253,0.10474802165764265,0.0545953075107594,17,31,28812.0,2005-2009
KENWOOD,"Census Tract 3901, Cook County, Illinois",0.08606603245663122,0.05758254057078903,0.1251259093452714,0.07778399552322328,0.07935086737548964,17,31,17870.0,2005-2009
LAKE VIEW,"Census Tract 601, Cook County, Illinois",0.07432579619221888,0.06012285975689453,0.207587243497582,0.14781292205811877,0.206628763124646,17,31,91812.0,2005-2009
LINCOLN PARK,"Census Tract 701, Cook County, Illinois",0.08405017405564026,0.03649414540119106,0.1434448632008976,0.13111712074570614,0.23165223395379614,17,31,69518.0,2005-2009
LINCOLN SQUARE,"Census Tract 401, Cook County, Illinois",0.11952356544873204,0.08042273803421933,0.18679065680603354,0.11376339361987747,0.09650728564106319,17,31,40971.0,2005-2009
LOGAN SQUARE,"Census Tract 2201, Cook County, Illinois",0.11936159723933941,0.08911757456248459,0.17133349765836825,0.07924574808972147,0.07945526250924329,17,31,81140.0,2005-2009
LOOP,"Census Tract 3201, Cook County, Illinois",0.08257522743177047,0.03304008797360792,0.10231930420873737,0.15295411376587023,0.24542637208837348,17,31,20006.0,2005-2009
LOWER WEST SIDE,"Census Tract 3101, Cook County, Illinois",0.12783840755663473,0.11793900258825413,0.12829201910505109,0.03610214264749046,0.017770899485017477,17,31,37477.0,2005-2009
MCKINLEY PARK,"Census Tract 5901, Cook County, Illinois",0.12147974308300395,0.09634387351778656,0.13605484189723321,0.05965909090909091,0.025815217391304348,17,31,16192.0,2005-2009
MONTCLARE,"Census Tract 1801, Cook County, Illinois",0.10215718604012092,0.09453146468810113,0.16522396262709535,0.06684528716680407,0.03854080791426216,17,31,14556.0,2005-2009
MORGAN PARK,"Census Tract 7501, Cook County, Illinois",0.0727764649474297,0.06640638378026645,0.13726497482790506,0.07815336141648686,0.06171444227542039,17,31,29199.0,2005-2009
MOUNT GREENWOOD,"Census Tract 7401, Cook County, Illinois",0.08460358056265985,0.042352941176470586,0.1329923273657289,0.12823529411764706,0.10659846547314578,17,31,19550.0,2005-2009
NEAR NORTH SIDE,"Census Tract 801, Cook County, Illinois",0.07501420968325324,0.03552420813310598,0.1298248333591691,0.12676329251278873,0.2632408412132486,17,31,77412.0,2005-2009
NEAR SOUTH SIDE,"Census Tract 3301, Cook County, Illinois",0.06507774509215344,0.0390826679474095,0.12517260010806266,0.1404214444377739,0.24932460827279823,17,31,16657.0,2005-2009
NEAR WEST SIDE,"Census Tract 2801, Cook County, Illinois",0.0822006719609041,0.04106215638362859,0.11824221136224801,0.10016417226634086,0.1535392486255345,17,31,52384.0,2005-2009
NEW CITY,"Census Tract 6101, Cook County, Illinois",0.09506285762906554,0.09561591967837314,0.09906192167790517,0.030375869477356363,0.011933377294675715,17,31,47011.0,2005-2009
NORTH CENTER,"Census Tract 501, Cook County, Illinois",0.06368598908240188,0.06212633220691448,0.17748317592351906,0.13701874476504058,0.18686999971117466,17,31,34623.0,2005-2009
NORTH LAWNDALE,"Census Tract 2901, Cook County, Illinois",0.07364180669370637,0.06550230389316558,0.0867477857793229,0.03368926413376376,0.013878542063294981,17,31,36243.0,2005-2009
NORTH PARK,"Census Tract 1301, Cook County, Illinois",0.08779676866330718,0.076107849758429,0.14613746168632136,0.06239285157670528,0.061094082809496596,17,31,19249.0,2005-2009
NORWOOD PARK,"Census Tract 1001, Cook County, Illinois",0.08017616857678175,0.05197459668588948,0.14010755042947173,0.10577414409810935,0.0931941504246052,17,31,41097.0,2005-2009
OAKLAND,"Census Tract 3601, Cook County, Illinois",0.10300884955752213,0.05345132743362832,0.1465486725663717,0.05628318584070797,0.04530973451327434,17,31,2825.0,2005-2009
OHARE,"Census Tract 8116, Cook County, Illinois",0.08247996707579829,0.0865712833175975,0.1865059190936161,0.08185053380782918,0.05284818553756022,17,31,41307.0,2005-2009
PORTAGE PARK,"Census Tract 1501, Cook County, Illinois",0.10020342047766141,0.08480373690951556,0.1768552700971898,0.08640096436374595,0.048474346417539366,17,31,66365.0,2005-2009
PULLMAN,"Census Tract 5001, Cook County, Illinois",0.07075949367088608,0.07164556962025316,0.13873417721518988,0.06088607594936709,0.012025316455696202,17,31,7900.0,2005-2009
RIVERDALE,"Census Tract 5401, Cook County, Illinois",0.11320040383644624,0.06650681474003028,0.06903079252902575,0.023851590106007067,0.009464916708732963,17,31,7924.0,2005-2009
ROGERS PARK,"Census Tract 101, Cook County, Illinois",0.1246325167037862,0.09610690423162584,0.165184855233853,0.08327839643652561,0.04783964365256125,17,31,56125.0,2005-2009
ROSELAND,"Census Tract 4901, Cook County, Illinois",0.09802741155459234,0.05717095097626071,0.11971986434691871,0.04322436939377521,0.019103806714426182,17,31,49833.0,2005-2009
SOUTH CHICAGO,"Census Tract 4601, Cook County, Illinois",0.08492355443154385,0.06546729509138982,0.11616277733072768,0.050609265432808366,0.014886768594091274,17,31,34796.0,2005-2009
SOUTH DEERING,"Census Tract 5101, Cook County, Illinois",0.09359661495063469,0.07187588152327222,0.11966149506346968,0.06047954866008463,0.009816643159379407,17,31,17725.0,2005-2009
SOUTH LAWNDALE,"Census Tract 3001, Cook County, Illinois",0.0974988360664218,0.11504836790647147,0.0958434638663287,0.021597434173089857,0.007151725208214784,17,31,77324.0,2005-2009
SOUTH SHORE,"Census Tract 4301, Cook County, Illinois",0.10809562518474726,0.05998743718592965,0.12952630801064144,0.05780741945019214,0.028783624002364765,17,31,54128.0,2005-2009
UPTOWN,"Census Tract 310, Cook County, Illinois",0.10687531213584152,0.08363575828200433,0.14924255035791575,0.10126519061095389,0.11008823039786915,17,31,60070.0,2005-2009
WASHINGTON HEIGHTS,"Census Tract 7301, Cook County, Illinois",0.07278906747858103,0.05576010762585853,0.15149047652764994,0.06163704595340933,0.029561707852439282,17,31,28246.0,2005-2009
WASHINGTON PARK,"Census Tract 4001, Cook County, Illinois",0.10414799119876131,0.044576644120283594,0.08516013364843941,0.03496047591883302,0.007252872626517806,17,31,12271.0,2005-2009
WEST ELSDON,"Census Tract 6201, Cook County, Illinois",0.10367691380349608,0.09699161597895775,0.13940489889856977,0.05260562222587539,0.01583648419091457,17,31,18249.0,2005-2009
WEST ENGLEWOOD,"Census Tract 6701, Cook County, Illinois",0.0790474615511824,0.05811618512131163,0.07581090977816626,0.02185263058423303,0.006449479080535803,17,31,42329.0,2005-2009
WEST GARFIELD PARK,"Census Tract 2604, Cook County, Illinois",0.07225913621262459,0.05518064784053156,0.1201204318936877,0.020348837209302327,0.006644518272425249,17,31,19264.0,2005-2009
WEST LAWN,"Census Tract 6501, Cook County, Illinois",0.07727409186430502,0.08670069048333834,0.1471029720804563,0.05130591413989793,0.01945361753227259,17,31,33310.0,2005-2009
WEST PULLMAN,"Census Tract 5301, Cook County, Illinois",0.09384619810696511,0.06714807675709888,0.11047498489599816,0.043355677666215946,0.02028251675824966,17,31,34759.0,2005-2009
WEST RIDGE,"Census Tract 201, Cook County, Illinois",0.10543002155322255,0.08183271918236808,0.14994090245428632,0.06707919071125634,0.04894667315580894,17,31,71915.0,2005-2009
WEST TOWN,"Census Tract 2401, Cook County, Illinois",0.08431572364916506,0.0783171595988605,0.18243509275771824,0.10819417745558978,0.13896287375222918,17,31,86354.0,2005-2009
WOODLAWN,"Census Tract 4201, Cook County, Illinois",0.0977787270397266,0.06023067065356685,0.1204613413071337,0.0599316531396839,0.021870995301153353,17,31,23410.0,2005-2009
ALBANY PARK,"Census Tract 1406.01, Cook County, Illinois",0.35080294728887207,0.13334592858492347,0.16215756659739278,0.07396561496315888,0.07400340071792934,17,31,52930.0,2010-2014
ARCHER HEIGHTS,"Census Tract 5704, Cook County, Illinois",0.3411915987998285,0.16395199314187742,0.19924274896413774,0.04029147021003,0.02400342906129447,17,31,13998.0,2010-2014
ARMOUR SQUARE,"Census Tract 3404, Cook County, Illinois",0.5549458483754512,0.09682310469314079,0.10758122743682311,0.04346570397111913,0.042166064981949455,17,31,13850.0,2010-2014
ASHBURN,"Census Tract 7004.01, Cook County, Illinois",0.3348594921628629,0.10222149547992244,0.17753276180242472,0.09722254666074891,0.07605877268798616,17,31,42809.0,2010-2014
AUBURN GRESHAM,"Census Tract 7107, Cook County, Illinois",0.4391842221335406,0.12389993908970616,0.14706685429837643,0.05849488563567243,0.02938396589023545,17,31,47611.0,2010-2014
AUSTIN,"Census Tract 2508, Cook County, Illinois",0.44512641534033354,0.11010821273480358,0.1407367291472355,0.05501900492423103,0.027740169088666247,17,31,99711.0,2010-2014
AVALON PARK,"Census Tract 8343, Cook County, Illinois",0.3979996038819568,0.10962566844919786,0.18330362448009507,0.08209546444840563,0.08080808080808081,17,31,10098.0,2010-2014
AVONDALE,"Census Tract 2101, Cook County, Illinois",0.3545772937597464,0.1521077792264233,0.18038193112968787,0.070046271442084,0.05480992918679858,17,31,39117.0,2010-2014
BELMONT CRAGIN,"Census Tract 1908, Cook County, Illinois",0.3605205579936511,0.14413992841695228,0.1713566631676131,0.05362404988048414,0.02327081409907802,17,31,79069.0,2010-2014
BEVERLY,"Census Tract 7203, Cook County, Illinois",0.24235787067898296,0.06894581468431578,0.14960479954290068,0.1284163413008285,0.2072183601561756,17,31,21002.0,2010-2014
BRIDGEPORT,"Census Tract 8397, Cook County, Illinois",0.39108926390932713,0.12890196937912896,0.16847741006293246,0.07952659757663046,0.06687748520617427,17,31,31939.0,2010-2014
BRIGHTON PARK,"Census Tract 5802, Cook County, Illinois",0.4128257421255382,0.13401314298663042,0.15019261273510084,0.03727622932245638,0.013120326308633582,17,31,44130.0,2010-2014
BURNSIDE,"Census Tract 4701, Cook County, Illinois",0.5057295645530939,0.12299465240641712,0.13368983957219252,0.043926661573720396,0.024446142093200916,17,31,2618.0,2010-2014
CALUMET HEIGHTS,"Census Tract 4805, Cook County, Illinois",0.33044776119402985,0.11992537313432836,0.18686567164179105,0.10820895522388059,0.09828358208955223,17,31,13400.0,2010-2014
CHATHAM,"Census Tract 4408, Cook County, Illinois",0.3872289080113041,0.12050296891372686,0.18134188549836472,0.08046232496110246,0.0503286444606738,17,31,31493.0,2010-2014
CHICAGO LAWN,"Census Tract 6606, Cook County, Illinois",0.42921855292842803,0.1306201481534116,0.13157941484731672,0.040751070292931624,0.012417174426660509,17,31,56293.0,2010-2014
CLEARING,"Census Tract 6405, Cook County, Illinois",0.28926059218059874,0.13385408146572877,0.18509733355144772,0.11667757238671683,0.07087354817601832,17,31,24452.0,2010-2014
DOUGLAS,"Census Tract 3510, Cook County, Illinois",0.48548636129696343,0.09047864127637674,0.12372619660319094,0.1080802882141019,0.06819351518270715,17,31,19430.0,2010-2014
DUNNING,"Census Tract 1701, Cook County, Illinois",0.3108261909739159,0.12428866745639096,0.21812649525004066,0.10717023203957912,0.0792511555524586,17,31,43053.0,2010-2014
EAST GARFIELD PARK,"Census Tract 8368, Cook County, Illinois",0.48557051946129937,0.08248236396823047,0.10931873119234374,0.0409945241971289,0.03137487050466183,17,31,20271.0,2010-2014
EAST SIDE,"Census Tract 5203, Cook County, Illinois",0.34719238384093687,0.12418383251190025,0.1603268882429757,0.06424027970849656,0.03765954757993176,17,31,23739.0,2010-2014
EDGEWATER,"Census Tract 301.02, Cook County, Illinois",0.3283117764621592,0.10865794336136356,0.20843546136732155,0.12404313888155662,0.1259851427278555,17,31,53038.0,2010-2014
EDISON PARK,"Census Tract 901, Cook County, Illinois",0.21422723551350858,0.10879650686800692,0.19284999545165105,0.14263622305103246,0.17911398162467024,17,31,10993.0,2010-2014
ENGLEWOOD,"Census Tract 6812, Cook County, Illinois",0.5265413781734256,0.09730006960471847,0.09466241711543393,0.03231124299373558,0.013701139319339122,17,31,27297.0,2010-2014
FOREST GLEN,"Census Tract 1204, Cook County, Illinois",0.2543024136811343,0.07040805281956922,0.14877151206840566,0.09849550817188008,0.21549951293430025,17,31,18478.0,2010-2014
FULLER PARK,"Census Tract 8355, Cook County, Illinois",0.49233189146677153,0.11561148250098309,0.13959889893826188,0.03460479748328746,0.02320094376720409,17,31,2543.0,2010-2014
GAGE PARK,"Census Tract 6308, Cook County, Illinois",0.3981080210990317,0.15826750204304005,0.13984299546816573,0.0262252049231074,0.007181595304722518,17,31,40381.0,2010-2014
GARFIELD RIDGE,"Census Tract 9801, Cook County, Illinois",0.3200356906427194,0.1106122096537432,0.1807558357079124,0.11254065567164609,0.09449385487724146,17,31,34743.0,2010-2014
GRAND BOULEVARD,"Census Tract 8436, Cook County, Illinois",0.4171585815099197,0.07567351648839377,0.1362123296791088,0.09151835249212197,0.06972615507522968,17,31,22531.0,2010-2014
GREATER GRAND CROSSING,"Census Tract 6913, Cook County, Illinois",0.43888702852446043,0.11397607233096899,0.14009558890681603,0.05385247648330238,0.03211665499710798,17,31,32849.0,2010-2014
HEGEWISCH,"Census Tract 5501, Cook County, Illinois",0.35275219533090596,0.09691582780038552,0.15763546798029557,0.08609980723923752,0.10034268579995717,17,31,9338.0,2010-2014
HERMOSA,"Census Tract 2004.01, Cook County, Illinois",0.391689483008536,0.13850861652440005,0.1730552423900789,0.036922209695603156,0.020172330488001287,17,31,24836.0,2010-2014
HUMBOLDT PARK,"Census Tract 2308, Cook County, Illinois",0.42445198569201137,0.11231771072181969,0.1384022746033202,0.04143813629276346,0.02524075942401174,17,31,54515.0,2010-2014
HYDE PARK,"Census Tract 8362, Cook County, Illinois",0.41343920488305513,0.08226651542159563,0.16426295035920704,0.09204342894182467,0.12099605682493383,17,31,18513.0,2010-2014
IRVING PARK,"Census Tract 1605.02, Cook County, Illinois",0.305009736236502,0.1385377942998761,0.1870596565763852,0.09369799964595503,0.0797309258275801,17,31,56490.0,2010-2014
JEFFERSON PARK,"Census Tract 1103, Cook County, Illinois",0.30832252085264134,0.10365152919369787,0.17805375347544022,0.11228915662650603,0.11996292863762743,17,31,26975.0,2010-2014
KENWOOD,"Census Tract 3904, Cook County, Illinois",0.3327536231884058,0.0924223602484472,0.174824016563147,0.07428571428571429,0.11991718426501036,17,31,12075.0,2010-2014
LAKE VIEW,"Census Tract 628, Cook County, Illinois",0.1811822355540799,0.07557560422701304,0.2114536940567647,0.17677432650584476,0.25139965423674476,17,31,87343.0,2010-2014
LINCOLN PARK,"Census Tract 705, Cook County, Illinois",0.23271823020121,0.059271277160315994,0.14777637943321556,0.1569195311670786,0.27590180588618823,17,31,65951.0,2010-2014
LINCOLN SQUARE,"Census Tract 401, Cook County, Illinois",0.26419197410675904,0.09525374870407363,0.21698232482868485,0.13518092396389106,0.14147722962550888,17,31,39547.0,2010-2014
LOGAN SQUARE,"Census Tract 2226, Cook County, Illinois",0.29989872392140976,0.1180203902504895,0.18372831003983525,0.10777125109715752,0.11866855715346701,17,31,74055.0,2010-2014
LOOP,"Census Tract 3204, Cook County, Illinois",0.2952809868807519,0.04836498923046798,0.14940278049735656,0.1387637882644736,0.30660531296912735,17,31,30642.0,2010-2014
LOWER WEST SIDE,"Census Tract 3105, Cook County, Illinois",0.37656879842191027,0.15592212470339348,0.16601389405071615,0.05065896680865662,0.0316189713828297,17,31,34979.0,2010-2014
MCKINLEY PARK,"Census Tract 5907, Cook County, Illinois",0.37029606663019027,0.13046385798528787,0.17739680223721807,0.05684236123776521,0.03653717551218919,17,31,16449.0,2010-2014
MONTCLARE,"Census Tract 1801, Cook County, Illinois",0.35397196261682246,0.1265576323987539,0.2,0.06619937694704049,0.04213395638629284,17,31,12840.0,2010-2014
MORGAN PARK,"Census Tract 7502, Cook County, Illinois",0.3495518014135494,0.08795897259093259,0.1517410791242889,0.11140320634373384,0.1057145319772453,17,31,23204.0,2010-2014
MOUNT GREENWOOD,"Census Tract 7401, Cook County, Illinois",0.2812006319115324,0.05812496595304244,0.1298687149316337,0.1429427466361606,0.1720324671787329,17,31,18357.0,2010-2014
NEAR NORTH SIDE,"Census Tract 811, Cook County, Illinois",0.22236771058315336,0.06322894168466522,0.14369600431965443,0.14446544276457884,0.35359071274298054,17,31,74080.0,2010-2014
NEAR SOUTH SIDE,"Census Tract 8410, Cook County, Illinois",0.1913627900640298,0.06988783433994823,0.1532173834067481,0.1621633894918487,0.29785205031560785,17,31,22021.0,2010-2014
NEAR WEST SIDE,"Census Tract 2831, Cook County, Illinois",0.35346949863325355,0.06731863019745667,0.1197813205657142,0.12995127251736022,0.20929048031375744,17,31,58899.0,2010-2014
NEW CITY,"Census Tract 8438, Cook County, Illinois",0.4360546180104813,0.13649694696860426,0.11784220395211309,0.030650512043848263,0.020121159671138037,17,31,41598.0,2010-2014
NORTH CENTER,"Census Tract 503, Cook County, Illinois",0.17570012925463163,0.07295705873904926,0.1925894011202068,0.14789602182967113,0.23044664656039063,17,31,34815.0,2010-2014
NORTH LAWNDALE,"Census Tract 2916, Cook County, Illinois",0.4705948404120933,0.10479184796339444,0.09274906661426606,0.0441849366982006,0.014260449709457373,17,31,35623.0,2010-2014
NORTH PARK,"Census Tract 1302, Cook County, Illinois",0.343615018274449,0.12504153283863106,0.16491305792446562,0.08422859674382545,0.09912504153283863,17,31,18058.0,2010-2014
NORWOOD PARK,"Census Tract 1001, Cook County, Illinois",0.2589212300608453,0.11371484953132709,0.18681137970728498,0.10604067313490106,0.16250068519432112,17,31,36486.0,2010-2014
OAKLAND,"Census Tract 3602, Cook County, Illinois",0.49172794117647056,0.05177696078431373,0.16268382352941177,0.017769607843137254,0.00857843137254902,17,31,3264.0,2010-2014
OHARE,"Census Tract 9800, Cook County, Illinois",0.2988050625751255,0.13582691083928444,0.21841193523297744,0.09262532701689882,0.06314077635579439,17,31,14143.0,2010-2014
PORTAGE PARK,"Census Tract 1504.01, Cook County, Illinois",0.326959194126686,0.12580129448833563,0.2055970323001226,0.09045896906576435,0.07174010896052897,17,31,64427.0,2010-2014
PULLMAN,"Census Tract 5002, Cook County, Illinois",0.38507890961262553,0.10444763271162123,0.1952654232424677,0.11305595408895265,0.024677187948350072,17,31,6970.0,2010-2014
RIVERDALE,"Census Tract 5401.01, Cook County, Illinois",0.45674547983310154,0.07162726008344923,0.058831710709318495,0.02447844228094576,0.0076495132127955496,17,31,7190.0,2010-2014
ROGERS PARK,"Census Tract 102.01, Cook County, Illinois",0.3491643979889911,0.15364743755340501,0.1733203505355404,0.08473262722810643,0.07147825050175864,17,31,50323.0,2010-2014
ROSELAND,"Census Tract 4905, Cook County, Illinois",0.431811507443468,0.11319944879933133,0.15492353220231775,0.06842568956559061,0.03494702600131023,17,31,44267.0,2010-2014
SOUTH CHICAGO,"Census Tract 4602, Cook County, Illinois",0.42637478108581434,0.12101576182136603,0.14364273204903677,0.050683012259194395,0.02819614711033275,17,31,28550.0,2010-2014
SOUTH DEERING,"Census Tract 5103, Cook County, Illinois",0.42748876043673734,0.12620423892100194,0.15375722543352602,0.0472703917790623,0.02569043031470777,17,31,15570.0,2010-2014
SOUTH LAWNDALE,"Census Tract 3007, Cook County, Illinois",0.48516074148269095,0.14007766084439016,0.10888983411314335,0.02428616511848081,0.006558636681714027,17,31,72881.0,2010-2014
SOUTH SHORE,"Census Tract 4304, Cook County, Illinois",0.4372218851132686,0.1016383495145631,0.14216727346278318,0.06841626213592233,0.04351233818770227,17,31,39552.0,2010-2014
UPTOWN,"Census Tract 317, Cook County, Illinois",0.32549665199215716,0.11792016573563686,0.1874884391994377,0.12152713551107987,0.1492915541415412,17,31,54062.0,2010-2014
WASHINGTON HEIGHTS,"Census Tract 7303, Cook County, Illinois",0.4240211840363155,0.14110081331567997,0.16572725553243806,0.08447134480801967,0.04104407036126348,17,31,26435.0,2010-2014
WASHINGTON PARK,"Census Tract 8361, Cook County, Illinois",0.41040611316218767,0.08465699321713746,0.11101571220056666,0.05263157894736842,0.026444578002919206,17,31,11647.0,2010-2014
WEST ELSDON,"Census Tract 6201, Cook County, Illinois",0.3897730237411949,0.11181841899295591,0.18372032350639186,0.057918079833028956,0.0228019827811114,17,31,19165.0,2010-2014
WEST ENGLEWOOD,"Census Tract 6701, Cook County, Illinois",0.4933765172735761,0.11799719887955182,0.11776377217553688,0.03361344537815126,0.015201914098972922,17,31,34272.0,2010-2014
WEST GARFIELD PARK,"Census Tract 2606, Cook County, Illinois",0.4649722001588562,0.09287794545935928,0.11321154355308446,0.03214191157002912,0.013767540375959756,17,31,18885.0,2010-2014
WEST LAWN,"Census Tract 6503.01, Cook County, Illinois",0.3520924814051438,0.12265137258416225,0.18971233981539565,0.05152791468769603,0.037518296143621,17,31,33477.0,2010-2014
WEST PULLMAN,"Census Tract 5305.01, Cook County, Illinois",0.4134588068181818,0.12684659090909092,0.13203125,0.07272727272727272,0.030326704545454546,17,31,28160.0,2010-2014
WEST RIDGE,"Census Tract 202, Cook County, Illinois",0.34185622920061903,0.12195455977211411,0.17640614086744547,0.06862597406154562,0.06861227899587778,17,31,73019.0,2010-2014
WEST TOWN,"Census Tract 2407, Cook County, Illinois",0.24582834236648918,0.09936076091984013,0.19149895041449733,0.14408377708464284,0.17805002431243255,17,31,84319.0,2010-2014
WOODLAWN,"Census Tract 8439, Cook County, Illinois",0.4289418883344466,0.10266787159640092,0.13343287100703313,0.0777572590467958,0.03783741306824879,17,31,25451.0,2010-2014
ALBANY PARK,"Census Tract 1401, Cook County, Illinois",0.30249367546078787,0.11697385857125647,0.19102116210898284,0.09265951893346183,0.10753724450869373,17,31,49806.0,2015-2019
ARCHER HEIGHTS,"Census Tract 5701, Cook County, Illinois",0.30300160279761035,0.1517557919277284,0.1920442954975958,0.06301908786245082,0.044805478653650005,17,31,13726.0,2015-2019
ARMOUR SQUARE,"Census Tract 3406, Cook County, Illinois",0.4578962919190427,0.12069729649874428,0.15238587679125426,0.057911065149948295,0.07268429605554735,17,31,13538.0,2015-2019
ASHBURN,"Census Tract 7002, Cook County, Illinois",0.3024033582433804,0.09442753021496449,0.19067718424208877,0.09830242642310176,0.09299750899529477,17,31,43356.0,2015-2019
AUBURN GRESHAM,"Census Tract 7101, Cook County, Illinois",0.39458493977215797,0.1282755015356466,0.17504193077610056,0.06410507743579691,0.04772484697989501,17,31,45909.0,2015-2019
AUSTIN,"Census Tract 8313, Cook County, Illinois",0.3956063887673776,0.1295571180129525,0.15916438166163432,0.06470920865919105,0.04785173962678844,17,31,93727.0,2015-2019
AVALON PARK,"Census Tract 8343, Cook County, Illinois",0.3628127252136312,0.11747143004221147,0.19242252651086172,0.11407392154844023,0.07525996087717492,17,31,9713.0,2015-2019
AVONDALE,"Census Tract 8311, Cook County, Illinois",0.26192350070832676,0.12676425835563251,0.19890865208038197,0.11556220158455323,0.11734613568392885,17,31,38118.0,2015-2019
BELMONT CRAGIN,"Census Tract 1910, Cook County, Illinois",0.32344372209004973,0.13507461737128026,0.20386509077492654,0.07602956705385427,0.04076284016742789,17,31,78601.0,2015-2019
BEVERLY,"Census Tract 7201, Cook County, Illinois",0.2119650346116922,0.08160274872416755,0.14895659643272194,0.11505229649840837,0.2503158001111616,17,31,19791.0,2015-2019
BRIDGEPORT,"Census Tract 6007, Cook County, Illinois",0.3319339895773017,0.11615518239722061,0.18419224088013897,0.09661262304574407,0.11438911407064273,17,31,34540.0,2015-2019
BRIGHTON PARK,"Census Tract 5807, Cook County, Illinois",0.34538907509738204,0.14222302744813842,0.18620346045837485,0.05290334269408461,0.030369598695534017,17,31,44156.0,2015-2019
BURNSIDE,"Census Tract 4701, Cook County, Illinois",0.42622133599202394,0.13958125623130607,0.24376869391824527,0.05982053838484546,0.020438683948155532,17,31,2006.0,2015-2019
CALUMET HEIGHTS,"Census Tract 4805, Cook County, Illinois",0.3055013655872025,0.1504486929379633,0.21732344908310575,0.10081935232149825,0.0927038626609442,17,31,12815.0,2015-2019
CHATHAM,"Census Tract 4409, Cook County, Illinois",0.36697129202053796,0.11073077792488778,0.17970743049052218,0.08460619369005716,0.06897665256563439,17,31,30967.0,2015-2019
CHICAGO LAWN,"Census Tract 6610, Cook County, Illinois",0.35889546658358,0.1701978501324194,0.16714052033026952,0.04928727216077271,0.025627044711014176,17,31,51352.0,2015-2019
CLEARING,"Census Tract 6404, Cook County, Illinois",0.2761851377322229,0.0997357463164638,0.20872037155669443,0.1026185137732223,0.09533151825752723,17,31,24976.0,2015-2019
DOUGLAS,"Census Tract 3510, Cook County, Illinois",0.460778344963237,0.08209619257247225,0.123401863906711,0.09431929939586943,0.094366131222779,17,31,21353.0,2015-2019
DUNNING,"Census Tract 1709, Cook County, Illinois",0.2788353090113937,0.11623892277592358,0.1966854643802509,0.12084244447001956,0.11863275405685349,17,31,43445.0,2015-2019
EAST GARFIELD PARK,"Census Tract 2705, Cook County, Illinois",0.44287222808870114,0.09318901795142555,0.12312565997888067,0.045987328405491024,0.039334741288278775,17,31,18940.0,2015-2019
EAST SIDE,"Census Tract 5204, Cook County, Illinois",0.3504194241874974,0.10555157442144754,0.18319774058930152,0.07258778400708174,0.04700080091050879,17,31,23723.0,2015-2019
EDGEWATER,"Census Tract 301.02, Cook County, Illinois",0.278105654520187,0.11798148248416265,0.2009132420091324,0.12722219214178715,0.1795080044037757,17,31,55407.0,2015-2019
EDISON PARK,"Census Tract 901, Cook County, Illinois",0.14985795454545456,0.09055397727272728,0.1366299715909091,0.1395596590909091,0.2815163352272727,17,31,11264.0,2015-2019
ENGLEWOOD,"Census Tract 6814, Cook County, Illinois",0.4622398673705336,0.1323676977444265,0.11888661053182671,0.03634221892587584,0.02172680075040356,17,31,22921.0,2015-2019
FOREST GLEN,"Census Tract 1201, Cook County, Illinois",0.21099876186545605,0.07083161370202229,0.14506809739991747,0.09244737928188196,0.26485761452744533,17,31,19384.0,2015-2019
FULLER PARK,"Census Tract 8355, Cook County, Illinois",0.45407725321888415,0.17510729613733905,0.1274678111587983,0.05021459227467811,0.028755364806866954,17,31,2330.0,2015-2019
GAGE PARK,"Census Tract 6302, Cook County, Illinois",0.34839105608623727,0.1440845295906932,0.19547467847804045,0.0485885052564171,0.01753028443353434,17,31,37478.0,2015-2019
GARFIELD RIDGE,"Census Tract 5609, Cook County, Illinois",0.27314752600317144,0.09753541000349397,0.1793210954927836,0.11304324455075658,0.13290509850296986,17,31,37207.0,2015-2019
GRAND BOULEVARD,"Census Tract 3801, Cook County, Illinois",0.35061608444110764,0.1053305657377556,0.14635869805237822,0.08444110762708122,0.11160181954687982,17,31,22643.0,2015-2019
GREATER GRAND CROSSING,"Census Tract 6911, Cook County, Illinois",0.4223357325284421,0.12740057713356995,0.1575176622773558,0.056552456134531824,0.04676772032239875,17,31,30149.0,2015-2019
HEGEWISCH,"Census Tract 5501, Cook County, Illinois",0.34437231818681924,0.09836065573770492,0.19727142699966993,0.10804268896468258,0.08878864561557927,17,31,9089.0,2015-2019
HERMOSA,"Census Tract 2001, Cook County, Illinois",0.3289468080575785,0.13713214939738513,0.22797155146714365,0.057535880073250716,0.05093479834760019,17,31,23481.0,2015-2019
HUMBOLDT PARK,"Census Tract 2307, Cook County, Illinois",0.36756737229968933,0.12565927317390363,0.19622859619969654,0.04932808323098042,0.040007947402644316,17,31,55364.0,2015-2019
HYDE PARK,"Census Tract 4108, Cook County, Illinois",0.4258483676975945,0.0741516323024055,0.141161941580756,0.09707903780068729,0.16602233676975944,17,31,18624.0,2015-2019
IRVING PARK,"Census Tract 1609, Cook County, Illinois",0.24373248645619278,0.117205305436204,0.2024285447412666,0.1164020175602466,0.14743134690827572,17,31,53530.0,2015-2019
JEFFERSON PARK,"Census Tract 1101, Cook County, Illinois",0.25775369959640765,0.10340690106533833,0.18107115587390465,0.1356942878958659,0.14729302257935498,17,31,27503.0,2015-2019
KENWOOD,"Census Tract 3904, Cook County, Illinois",0.31139723414401527,0.08949292640279764,0.13527261166746146,0.0797170561119059,0.1858210141471944,17,31,12582.0,2015-2019
LAKE VIEW,"Census Tract 8319, Cook County, Illinois",0.13996060582455125,0.05916916126016848,0.17527069585248328,0.1862431978277562,0.32550272086889753,17,31,89861.0,2015-2019
LINCOLN PARK,"Census Tract 8325, Cook County, Illinois",0.2067947887425322,0.044626790470020876,0.11267544806737206,0.15782048513639962,0.3543079248542431,17,31,69465.0,2015-2019
LINCOLN SQUARE,"Census Tract 8308, Cook County, Illinois",0.19647056029261573,0.10923212122651592,0.19392917369308602,0.13827993254637436,0.20751490392608601,17,31,42103.0,2015-2019
LOGAN SQUARE,"Census Tract 8309, Cook County, Illinois",0.21136236472563014,0.10329298415601075,0.18753497004517106,0.14069899149801438,0.20635397191478907,17,31,73277.0,2015-2019
LOOP,"Census Tract 8390, Cook County, Illinois",0.2640796792135558,0.046850342775837536,0.12815935842711162,0.13548053291941534,0.37138791876859395,17,31,38655.0,2015-2019
LOWER WEST SIDE,"Census Tract 3104, Cook County, Illinois",0.3203325000752944,0.12544047224648375,0.2111556184682107,0.09137728518507364,0.0887269222660603,17,31,33203.0,2015-2019
MCKINLEY PARK,"Census Tract 5906, Cook County, Illinois",0.3468406140871055,0.13704948276998088,0.17605587401989853,0.08710548856822824,0.0635830533043421,17,31,15177.0,2015-2019
MONTCLARE,"Census Tract 8316, Cook County, Illinois",0.31253942664891005,0.14978621994813204,0.19892058596761758,0.0762599004696152,0.08179715427209644,17,31,14267.0,2015-2019
MORGAN PARK,"Census Tract 7502, Cook County, Illinois",0.2942517814726841,0.09762470308788598,0.19045130641330166,0.10332541567695962,0.13691211401425177,17,31,21050.0,2015-2019
MOUNT GREENWOOD,"Census Tract 7403, Cook County, Illinois",0.23678999478895257,0.06294945284002085,0.13986451276706618,0.12235539343408025,0.23585200625325692,17,31,19190.0,2015-2019
NEAR NORTH SIDE,"Census Tract 8383, Cook County, Illinois",0.18195020746887966,0.05508908957773981,0.11497437149133512,0.15228215767634853,0.42903343910178177,17,31,81940.0,2015-2019
NEAR SOUTH SIDE,"Census Tract 3302, Cook County, Illinois",0.15677948966800112,0.06821949937320555,0.10695944033321202,0.1330017388491245,0.41987140604148976,17,31,24729.0,2015-2019
NEAR WEST SIDE,"Census Tract 2831, Cook County, Illinois",0.31684343834098466,0.06392274813993984,0.09914516384359665,0.10617381668513536,0.28508785816051924,17,31,63170.0,2015-2019
NEW CITY,"Census Tract 6119, Cook County, Illinois",0.36342006682190947,0.17026931254429484,0.15270324997468868,0.053330970942593904,0.03348688873139617,17,31,39508.0,2015-2019
NORTH CENTER,"Census Tract 501, Cook County, Illinois",0.14351630419491884,0.06414765213966182,0.11867315645837437,0.12078327659454745,0.3194159187463073,17,31,35543.0,2015-2019
NORTH LAWNDALE,"Census Tract 8386, Cook County, Illinois",0.44576435007638826,0.11442646462756836,0.142736881489103,0.0426838774046706,0.03407850840270633,17,31,32073.0,2015-2019
NORTH PARK,"Census Tract 8318, Cook County, Illinois",0.32684783758062813,0.1157343766522153,0.16997990906207042,0.07951781748969018,0.1218673998096648,17,31,18914.0,2015-2019
NORWOOD PARK,"Census Tract 1004, Cook County, Illinois",0.24683577681679147,0.08295538445311676,0.17031431283619872,0.13382027212319375,0.20021622191751925,17,31,37924.0,2015-2019
OAKLAND,"Census Tract 3602, Cook County, Illinois",0.29941860465116277,0.13226744186046513,0.19098837209302325,0.0933139534883721,0.029069767441860465,17,31,3440.0,2015-2019
OHARE,"Census Tract 7608.01, Cook County, Illinois",0.2631210636808957,0.11935308296399968,0.23007542181789908,0.12464038566207915,0.1097115309851489,17,31,12861.0,2015-2019
PORTAGE PARK,"Census Tract 8317, Cook County, Illinois",0.2720996826870985,0.1071743673090318,0.1962386812166241,0.12300905502670072,0.1263988855351753,17,31,64605.0,2015-2019
PULLMAN,"Census Tract 5001, Cook County, Illinois",0.3171052631578947,0.12076023391812865,0.2391812865497076,0.0935672514619883,0.06710526315789474,17,31,6840.0,2015-2019
RIVERDALE,"Census Tract 5401.01, Cook County, Illinois",0.4258730805816008,0.10191602119853241,0.0811251528740318,0.016442451420029897,0.017393667617882864,17,31,7359.0,2015-2019
ROGERS PARK,"Census Tract 8306, Cook County, Illinois",0.31817277466077754,0.10886952369583383,0.22020611993155864,0.092137201066412,0.09460427360630297,17,31,50262.0,2015-2019
ROSELAND,"Census Tract 4903, Cook County, Illinois",0.3973239364690261,0.11460088861651602,0.1731014759205352,0.0870231346713651,0.04672897196261682,17,31,39162.0,2015-2019
SOUTH CHICAGO,"Census Tract 4601, Cook County, Illinois",0.38558925708177444,0.11978888295029395,0.17534072688401925,0.0557856761090326,0.05034072688401924,17,31,29936.0,2015-2019
SOUTH DEERING,"Census Tract 8388, Cook County, Illinois",0.4001938610662359,0.10352180936995153,0.1620032310177706,0.07547657512116317,0.03495961227786753,17,31,15475.0,2015-2019
SOUTH LAWNDALE,"Census Tract 8305, Cook County, Illinois",0.432723089928905,0.1494934656374295,0.14615352633840098,0.03481297725792369,0.013442909211857477,17,31,72157.0,2015-2019
SOUTH SHORE,"Census Tract 4304, Cook County, Illinois",0.37077646005817855,0.11083762213768927,0.15936948360309292,0.07406578652942493,0.06407100768255389,17,31,40221.0,2015-2019
UPTOWN,"Census Tract 8307, Cook County, Illinois",0.2827616609301616,0.10644466674579088,0.18889774326455178,0.1276725614201665,0.18493022940368606,17,31,58979.0,2015-2019
WASHINGTON HEIGHTS,"Census Tract 7307, Cook County, Illinois",0.3891257198414479,0.1092663226385461,0.1773240595318226,0.10627477376411637,0.06472963877047341,17,31,26742.0,2015-2019
WASHINGTON PARK,"Census Tract 8345, Cook County, Illinois",0.4127085422554472,0.10593490746649649,0.13565502780563407,0.06190172303765156,0.03300209681830613,17,31,10969.0,2015-2019
WEST ELSDON,"Census Tract 6203, Cook County, Illinois",0.327512286939245,0.11068702290076336,0.2223151730628464,0.0678657325107184,0.05029802363275123,17,31,19126.0,2015-2019
WEST ENGLEWOOD,"Census Tract 6702, Cook County, Illinois",0.4262506642374554,0.16886813937599635,0.15334396113261975,0.03507173764518333,0.025696500417520685,17,31,26346.0,2015-2019
WEST GARFIELD PARK,"Census Tract 2605, Cook County, Illinois",0.46177276880901613,0.12183978068839477,0.11373743527261651,0.03917148949131891,0.023819677124581176,17,31,16415.0,2015-2019
WEST LAWN,"Census Tract 6501, Cook County, Illinois",0.3240920780279747,0.12836354512952394,0.19205921093897008,0.072539672583579,0.055980681176691964,17,31,31886.0,2015-2019
WEST PULLMAN,"Census Tract 5303, Cook County, Illinois",0.36591682699422823,0.11932070445463963,0.17296877312416753,0.08476394849785408,0.059012875536480686,17,31,27028.0,2015-2019
WEST RIDGE,"Census Tract 203.02, Cook County, Illinois",0.33205464787296407,0.10826345168608059,0.16303876838375858,0.07545943465959778,0.09388779853694594,17,31,78466.0,2015-2019
WEST TOWN,"Census Tract 2423, Cook County, Illinois",0.17747770335613738,0.06632281480950845,0.16598015688240983,0.18274293491887245,0.2855761309502489,17,31,83757.0,2015-2019
WOODLAWN,"Census Tract 4205, Cook County, Illinois",0.43515536950571565,0.10904041217195298,0.13307035904041217,0.07297536628562229,0.06520689099983899,17,31,24844.0,2015-2019
ALBANY PARK,Census Tract 1401; Cook County; Illinois,0.26819545559448627,0.10823909531502424,0.19463734972620272,0.10832301785452028,0.1572288777458406,17,31,47663.0,2018-2022
ARCHER HEIGHTS,Census Tract 5701; Cook County; Illinois,0.3160020191822312,0.11264152304031153,0.21677363524915266,0.08776231340592774,0.08163265306122448,17,31,13867.0,2018-2022
ARMOUR SQUARE,Census Tract 3403; Cook County; Illinois,0.3551883574622906,0.12104904115818994,0.1634199954521337,0.09027514591071023,0.11778973698173274,17,31,13193.0,2018-2022
ASHBURN,Census Tract 7001; Cook County; Illinois,0.31458650134518656,0.07748274652006082,0.18596327055796,0.11676219440870277,0.11215346824189963,17,31,42745.0,2018-2022
AUBURN GRESHAM,Census Tract 7101; Cook County; Illinois,0.35062838942928465,0.1096883877076698,0.172226048033055,0.0868124300593957,0.07869931996212447,17,31,46468.0,2018-2022
AUSTIN,Census Tract 2502; Cook County; Illinois,0.3598082301238514,0.11749900119856173,0.18142229324810227,0.07255293647622853,0.06632041550139832,17,31,100120.0,2018-2022
AVALON PARK,Census Tract 4503; Cook County; Illinois,0.2961542448429564,0.11754949725303203,0.19135482533430082,0.1275007774437649,0.11018969627863584,17,31,9647.0,2018-2022
AVONDALE,Census Tract 2101; Cook County; Illinois,0.22488590751635784,0.09014680815967449,0.2036069720129763,0.12528179468851378,0.2086655303238577,17,31,36374.0,2018-2022
BELMONT CRAGIN,Census Tract 1901; Cook County; Illinois,0.30883485829357626,0.0965522833858172,0.23365003851819816,0.08114500412212296,0.07544160776310632,17,31,73991.0,2018-2022
BEVERLY,Census Tract 7201; Cook County; Illinois,0.21601536828269552,0.05661998887821647,0.12016581568171478,0.11930640513624184,0.3140387240281078,17,31,19781.0,2018-2022
BRIDGEPORT,Census Tract 6004; Cook County; Illinois,0.28503055296348695,0.101803076367358,0.16965172631769063,0.12663676590108666,0.1730230878059059,17,31,33221.0,2018-2022
BRIGHTON PARK,Census Tract 5801; Cook County; Illinois,0.31264351490187725,0.10280993300665199,0.2238477380867836,0.0779537438155434,0.05721658026181853,17,31,42243.0,2018-2022
BURNSIDE,Census Tract 4701; Cook County; Illinois,0.327693677649154,0.08771148708815672,0.1647373107747106,0.1589492430988424,0.097506678539626,17,31,2246.0,2018-2022
CALUMET HEIGHTS,Census Tract 4801; Cook County; Illinois,0.23148837594109373,0.09108960039712087,0.2122114668652271,0.13320095970877802,0.17481591792835277,17,31,12087.0,2018-2022
CHATHAM,Census Tract 4401.01; Cook County; Illinois,0.3549025238505472,0.09878434000191443,0.20238665007498166,0.08745732427172075,0.11081331163651446,17,31,31341.0,2018-2022
CHICAGO LAWN,Census Tract 6603.01; Cook County; Illinois,0.3350678560536749,0.11588899054589814,0.20013723696248856,0.08253278438548338,0.05171164989326014,17,31,52464.0,2018-2022
CLEARING,Census Tract 6401; Cook County; Illinois,0.2587350372047881,0.0761080556454222,0.19791329666774507,0.11675024263992236,0.14586703332254933,17,31,24728.0,2018-2022
DOUGLAS,Census Tract 3501; Cook County; Illinois,0.4054788105830016,0.0803558885506907,0.14825567782720675,0.09154764692109577,0.14385389838445328,17,31,21355.0,2018-2022
DUNNING,Census Tract 1701; Cook County; Illinois,0.2593601728754639,0.08991403203833326,0.18412646216000375,0.12751914313900503,0.17790200591910554,17,31,42574.0,2018-2022
EAST GARFIELD PARK,Census Tract 2705; Cook County; Illinois,0.4232953117933772,0.10265815788151349,0.12969197527762424,0.06371539118637254,0.06602683282247124,17,31,19901.0,2018-2022
EAST SIDE,Census Tract 5201; Cook County; Illinois,0.2887812212847715,0.1014117450505388,0.20662434216022052,0.09289115362125136,0.07689416088881464,17,31,23942.0,2018-2022
EDGEWATER,Census Tract 301.01; Cook County; Illinois,0.24203561205903126,0.09020110776551057,0.19861715177874428,0.13387978142076504,0.23395041076539905,17,31,53802.0,2018-2022
EDISON PARK,Census Tract 901; Cook County; Illinois,0.17540782318891424,0.06542711804946501,0.12664444834239608,0.1288370461322575,0.29757937203999296,17,31,11402.0,2018-2022
ENGLEWOOD,Census Tract 6805; Cook County; Illinois,0.429787632145196,0.09963513892786978,0.1555805033211713,0.06988492843109739,0.04163158387126953,17,31,21378.0,2018-2022
FOREST GLEN,Census Tract 1201; Cook County; Illinois,0.18816419038025686,0.059430873835305965,0.13920926718710652,0.09020397884663812,0.30022664316293124,17,31,19855.0,2018-2022
FULLER PARK,Census Tract 8355; Cook County; Illinois,0.572829131652661,0.1069094304388422,0.10364145658263306,0.025210084033613446,0.038748832866479926,17,31,2142.0,2018-2022
GAGE PARK,Census Tract 6303; Cook County; Illinois,0.34043348281016445,0.1271990341497068,0.1976831091180867,0.08353455214441761,0.035443256295274235,17,31,34788.0,2018-2022
GARFIELD RIDGE,Census Tract 5601; Cook County; Illinois,0.24760308782725748,0.09834894645751491,0.17878629707975055,0.12381527980000549,0.16386912447460233,17,31,36401.0,2018-2022
GRAND BOULEVARD,Census Tract 3801; Cook County; Illinois,0.3385725224680611,0.08338371015193649,0.1601579817031395,0.09696530044734615,0.1552412042074719,17,31,24813.0,2018-2022
GREATER GRAND CROSSING,Census Tract 6903; Cook County; Illinois,0.370873719430168,0.1057914525197475,0.18019385326480633,0.08685454106446829,0.0747473353799455,17,31,28991.0,2018-2022
HEGEWISCH,Census Tract 5501; Cook County; Illinois,0.25562326869806096,0.12432132963988919,0.20055401662049863,0.11124653739612188,0.10903047091412742,17,31,9025.0,2018-2022
HERMOSA,Census Tract 2001; Cook County; Illinois,0.2823336356177398,0.12112968001036403,0.22520188280001727,0.09383771645722676,0.08623742280951764,17,31,23157.0,2018-2022
HUMBOLDT PARK,Census Tract 2301; Cook County; Illinois,0.32407607911072617,0.09715605601270391,0.21605673451710697,0.07710769452865598,0.07154973292911794,17,31,55416.0,2018-2022
HYDE PARK,Census Tract 4102; Cook County; Illinois,0.35944584382871536,0.06493702770780857,0.15415617128463477,0.1093198992443325,0.20025188916876574,17,31,19850.0,2018-2022
IRVING PARK,Census Tract 1601; Cook County; Illinois,0.2083457748581666,0.07826963272618692,0.1820506121230218,0.1241975216482532,0.22105479247536577,17,31,53584.0,2018-2022
JEFFERSON PARK,Census Tract 1101; Cook County; Illinois,0.23675643681562591,0.07450429121041728,0.19066291802308374,0.1264427345368452,0.2030926309559041,17,31,27032.0,2018-2022
KENWOOD,Census Tract 3901; Cook County; Illinois,0.25375745526838966,0.08031809145129225,0.14974155069582504,0.09328031809145129,0.2269582504970179,17,31,12575.0,2018-2022
LAKE VIEW,Census Tract 601; Cook County; Illinois,0.13712522533482266,0.04953495316353502,0.1369372159122328,0.17112175269019364,0.3915351522323354,17,31,90421.0,2018-2022
LINCOLN PARK,Census Tract 701.01; Cook County; Illinois,0.20062518994486173,0.04303969666710083,0.0891185111217239,0.12170943139553395,0.4200494942039682,17,31,69099.0,2018-2022
LINCOLN SQUARE,Census Tract 401; Cook County; Illinois,0.18073856781244826,0.08391095550140758,0.18130633294693763,0.1396702230843841,0.2658087104634383,17,31,42271.0,2018-2022
LOGAN SQUARE,Census Tract 2203; Cook County; Illinois,0.1839711331084444,0.07090914118232594,0.1724133163744954,0.143034894652436,0.2851711552286678,17,31,72332.0,2018-2022
LOOP,Census Tract 3201.01; Cook County; Illinois,0.22118499676033693,0.051666626670826235,0.1147080703606825,0.10700487149336468,0.44923327973890714,17,31,41671.0,2018-2022
LOWER WEST SIDE,Census Tract 3102; Cook County; Illinois,0.2949732745275579,0.09416712912930456,0.20942255454625114,0.10696030610158601,0.15480328299792623,17,31,34237.0,2018-2022
MCKINLEY PARK,Census Tract 5905; Cook County; Illinois,0.3091284966729117,0.10381807610310743,0.19904386588280898,0.09567801537567026,0.13030557529556172,17,31,15479.0,2018-2022
MONTCLARE,Census Tract 1801; Cook County; Illinois,0.28274609516890664,0.09807482746095168,0.22375590265165274,0.10715583000363241,0.1214674900108972,17,31,13765.0,2018-2022
MORGAN PARK,Census Tract 7501; Cook County; Illinois,0.24225311323486823,0.09465199343565982,0.17549956559513466,0.10290568587701515,0.18524954146153103,17,31,20718.0,2018-2022
MOUNT GREENWOOD,Census Tract 7401; Cook County; Illinois,0.21212279692484703,0.04026986036295173,0.11767166989174206,0.12206474556770043,0.2882694419747921,17,31,19121.0,2018-2022
NEAR NORTH SIDE,Census Tract 801; Cook County; Illinois,0.15922914038565508,0.048589836006487655,0.10577356280410885,0.12352450892052622,0.5004955847900523,17,31,88784.0,2018-2022
NEAR SOUTH SIDE,Census Tract 3301.01; Cook County; Illinois,0.15197051318400906,0.05578395236745109,0.08158491635951233,0.11986107173235044,0.4683867309328041,17,31,28216.0,2018-2022
NEAR WEST SIDE,Census Tract 2801; Cook County; Illinois,0.2645583324438481,0.05240847196596575,0.10397828639392508,0.09639987191412147,0.3602567816898187,17,31,65581.0,2018-2022
NEW CITY,Census Tract 6103; Cook County; Illinois,0.35904307152601833,0.09289124926914831,0.19092282206197622,0.06874878191385694,0.06865133502241279,17,31,41048.0,2018-2022
NORTH CENTER,Census Tract 501; Cook County; Illinois,0.134695928966326,0.04556877198860781,0.0865304071033674,0.11428491651309544,0.3880605349863182,17,31,35814.0,2018-2022
NORTH LAWNDALE,Census Tract 2909; Cook County; Illinois,0.3858068335032392,0.09865500345292512,0.18244598638560952,0.06119898714196455,0.05379986188299517,17,31,30409.0,2018-2022
NORTH PARK,Census Tract 1301; Cook County; Illinois,0.30781523868440047,0.08609134962367254,0.14661305289205073,0.1156304773688009,0.1556861532116713,17,31,19398.0,2018-2022
NORWOOD PARK,Census Tract 1001; Cook County; Illinois,0.2295936530539592,0.0715557137771449,0.1481971214972283,0.09894217565986879,0.2636678024716473,17,31,39326.0,2018-2022
OAKLAND,Census Tract 3602; Cook County; Illinois,0.3797745773324984,0.06355666875391358,0.1743894802755166,0.09830932999373826,0.048841577958672514,17,31,3194.0,2018-2022
OHARE,Census Tract 7608.01; Cook County; Illinois,0.22743446372812431,0.06332147265993755,0.2044876915256699,0.1785636482463147,0.17406143344709898,17,31,13771.0,2018-2022
PORTAGE PARK,Census Tract 1502; Cook County; Illinois,0.2640119601949761,0.08250665753040662,0.19212620497407068,0.12622054724121284,0.16949838817684892,17,31,64213.0,2018-2022
PULLMAN,Census Tract 5001; Cook County; Illinois,0.2898191365227538,0.08299299883313886,0.2443115519253209,0.11887397899649942,0.1133313885647608,17,31,6856.0,2018-2022
RIVERDALE,Census Tract 5401.01; Cook County; Illinois,0.4239478060637073,0.058846104643725215,0.12140207240629397,0.030830241780734298,0.02558526288857618,17,31,7817.0,2018-2022
ROGERS PARK,Census Tract 101; Cook County; Illinois,0.2758109215816386,0.08698622116397986,0.22128108044810493,0.11329482025059526,0.14608298528435926,17,31,51238.0,2018-2022
ROSELAND,Census Tract 4902; Cook County; Illinois,0.3654347248072321,0.10271204466897102,0.17572454134538687,0.10404147833023132,0.07436851901090136,17,31,37610.0,2018-2022
SOUTH CHICAGO,Census Tract 4601; Cook County; Illinois,0.3383803397657925,0.09635493979877949,0.20385947550717468,0.06607290120402441,0.07220847765132772,17,31,30315.0,2018-2022
SOUTH DEERING,Census Tract 5101; Cook County; Illinois,0.3970955447496386,0.12491786042844001,0.16066500197134972,0.08062820344329084,0.06584308056249179,17,31,15218.0,2018-2022
SOUTH LAWNDALE,Census Tract 3005; Cook County; Illinois,0.4183881333562862,0.12017272049119183,0.1940379870316176,0.05764044299076146,0.03501750157801113,17,31,69708.0,2018-2022
SOUTH SHORE,Census Tract 4301.01; Cook County; Illinois,0.32558250232048935,0.08741699788180975,0.20367946307446985,0.09555656043982198,0.0904871837589547,17,31,42017.0,2018-2022
UPTOWN,Census Tract 310; Cook County; Illinois,0.25321940693303635,0.08582764861478491,0.15841222330502575,0.15174718084365865,0.2557253236809133,17,31,57464.0,2018-2022
WASHINGTON HEIGHTS,Census Tract 7301; Cook County; Illinois,0.3107801632899909,0.0986165709101905,0.19409585727245238,0.12413063199274267,0.10262322346537647,17,31,26456.0,2018-2022
WASHINGTON PARK,Census Tract 4003; Cook County; Illinois,0.381125667151868,0.12954876273653565,0.11555879023127931,0.04512372634643377,0.08110949377324923,17,31,12366.0,2018-2022
WEST ELSDON,Census Tract 6201; Cook County; Illinois,0.307905913100294,0.08679080910377872,0.21746705869541544,0.07764347163236415,0.09724490907110966,17,31,18366.0,2018-2022
WEST ENGLEWOOD,Census Tract 6701; Cook County; Illinois,0.40474158000931243,0.13049045475710072,0.19385379481607948,0.054826943970200215,0.04062548502250504,17,31,25772.0,2018-2022
WEST GARFIELD PARK,Census Tract 2601; Cook County; Illinois,0.4286063271039453,0.0971051667277391,0.17478930010993038,0.050567973616709415,0.05099548064003909,17,31,16374.0,2018-2022
WEST LAWN,Census Tract 6501; Cook County; Illinois,0.33604344357857274,0.08516904951831625,0.18911456096214027,0.08906547217279254,0.09099834325335951,17,31,32594.0,2018-2022
WEST PULLMAN,Census Tract 5301; Cook County; Illinois,0.3613108570081339,0.0853864591928956,0.18637274549098196,0.09933592675547173,0.08644740461314787,17,31,25449.0,2018-2022
WEST RIDGE,Census Tract 201; Cook County; Illinois,0.2963981580773355,0.09055699236737526,0.17828802119472656,0.08297483126222166,0.13096574780798587,17,31,79265.0,2018-2022
WEST TOWN,Census Tract 2402; Cook County; Illinois,0.14747898175686752,0.05888620875389335,0.1348446172220791,0.14983255661459918,0.3918409404931969,17,31,85402.0,2018-2022
WOODLAWN,Census Tract 4201; Cook County; Illinois,0.3975089639554633,0.12447631628609171,0.1422155123608228,0.07850537837327798,0.09292319305529345,17,31,26495.0,2018-2022
