Community Area,NAME,white,black,native,asian,hawaii_pacific,other,two_or_more,state,county,population,period
ALBANY PARK,"Census Tract 1401, Cook County, Illinois",0.38473517291148374,0.04384982053668078,0.0034183489374632055,0.1282640484645916,0.0012913762652638776,0.40623278956264125,0.032208443321875536,17,31,52657.0,2005-2009
ARCHER HEIGHTS,"Census Tract 5701, Cook County, Illinois",0.5540397888753552,0.015022330491270807,0.0042224928948436866,0.0,0.0,0.4181892001624036,0.008526187576126675,17,31,12315.0,2005-2009
ARMOUR SQUARE,"Census Tract 3401, Cook County, Illinois",0.17480888241718237,0.09202766654532217,0.0005824535857298871,0.6794321077539134,0.0009464870768110666,0.0237349836184929,0.028467419002548233,17,31,13735.0,2005-2009
ASHBURN,"Census Tract 7001, Cook County, Illinois",0.2547784973222489,0.4936697514957313,0.005198646559257849,0.008425392699486858,0.0,0.22954713514240258,0.008380576780872565,17,31,44627.0,2005-2009
AUBURN GRESHAM,"Census Tract 7101, Cook County, Illinois",0.006876832313873104,0.9856129429222918,0.0005429078142531398,0.0010315248470809657,0.0,0.0002895508342683412,0.005646241268232654,17,31,55258.0,2005-2009
AUSTIN,"Census Tract 2501, Cook County, Illinois",0.08244598466661504,0.8510609463331527,0.0009099357236893054,0.003794625571129869,0.0,0.05499303027956323,0.006795477425849919,17,31,103304.0,2005-2009
AVALON PARK,"Census Tract 4501, Cook County, Illinois",0.0035508637236084453,0.9814779270633397,0.0,0.0032629558541266796,0.0,0.0,0.011708253358925143,17,31,10420.0,2005-2009
AVONDALE,"Census Tract 2101, Cook County, Illinois",0.5169602010097898,0.0303648043236068,0.002560030341100339,0.032498162941190414,0.0006874155545547206,0.40028918861260576,0.016640197217152205,17,31,42187.0,2005-2009
BELMONT CRAGIN,"Census Tract 1901, Cook County, Illinois",0.3767311658972596,0.06488802671643257,0.0034991651114821727,0.022136823494745113,0.0004788331205186131,0.5241872114723505,0.008078774187211472,17,31,81448.0,2005-2009
BEVERLY,"Census Tract 7201, Cook County, Illinois",0.6515642315233143,0.3210723723467735,0.0017901287187793028,0.005881851504560566,0.0,0.0022589719546500723,0.01743244395192226,17,31,23462.0,2005-2009
BRIDGEPORT,"Census Tract 6001, Cook County, Illinois",0.4852750509353584,0.008427486571587331,0.003951349015249738,0.3250601963326542,0.0010495770821757117,0.15728221275544854,0.018954127307526086,17,31,32394.0,2005-2009
BRIGHTON PARK,"Census Tract 5801, Cook County, Illinois",0.406526097781303,0.010575715513252693,0.001586357326987904,0.05552250644457664,0.00035252385044175644,0.511996827285346,0.013439971798091964,17,31,45387.0,2005-2009
BURNSIDE,"Census Tract 4701, Cook County, Illinois",0.019816336394393428,0.9801836636056066,0.0,0.0,0.0,0.0,0.0,17,31,4138.0,2005-2009
CALUMET HEIGHTS,"Census Tract 4801, Cook County, Illinois",0.006390359685959467,0.9590408374414217,0.0,0.007972734465339906,0.0,0.026596068407278923,0.0,17,31,16431.0,2005-2009
CHATHAM,"Census Tract 4401, Cook County, Illinois",0.0059588891318609226,0.9731303301989941,0.0014213863984255412,0.002624097966324076,0.0,0.0012847146293461622,0.015580581675049202,17,31,36584.0,2005-2009
CHICAGO LAWN,"Census Tract 6601, Cook County, Illinois",0.12128027990503222,0.5627197914993127,0.001731555365143969,0.005533836733965262,0.0,0.28991949160106395,0.01881504489548189,17,31,56019.0,2005-2009
CLEARING,"Census Tract 6401, Cook County, Illinois",0.6947677980639627,0.009761875587142099,0.007229506187967161,0.008781603561655025,0.0,0.2691663603316587,0.010292856267614264,17,31,24483.0,2005-2009
DOUGLAS,"Census Tract 3501, Cook County, Illinois",0.14392462638076672,0.7751786874593892,0.0006961849067112225,0.0714749837556855,0.0,0.005105355982548965,0.003620161514898357,17,31,21546.0,2005-2009
DUNNING,"Census Tract 1701, Cook County, Illinois",0.8269299659681175,0.01168726491133799,0.0023956654128604693,0.03933816944295182,0.0018583198996955043,0.10334945369872828,0.014441160666308437,17,31,44664.0,2005-2009
EAST GARFIELD PARK,"Census Tract 2701, Cook County, Illinois",0.040784126225197226,0.9310542672722926,0.0015778149653358834,0.005355008367200573,0.0,0.014869710733923023,0.006359072436050681,17,31,20915.0,2005-2009
EAST SIDE,"Census Tract 5201, Cook County, Illinois",0.5620490078171978,0.028788334335538183,0.0008268190018039688,0.0027059530968129887,0.0,0.38928141912206854,0.016348466626578472,17,31,26608.0,2005-2009
EDGEWATER,"Census Tract 301, Cook County, Illinois",0.6358780209521834,0.15669190609549494,0.0031981468035819243,0.10469176779725478,0.00029388376032914984,0.06793901047609169,0.03130726411506413,17,31,57846.0,2005-2009
EDISON PARK,"Census Tract 901, Cook County, Illinois",0.9548442168160478,0.0,0.0,0.017072129748186088,0.0,0.011523687580025609,0.016559965855740502,17,31,11715.0,2005-2009
ENGLEWOOD,"Census Tract 6801, Cook County, Illinois",0.00673563349059285,0.987949752742568,0.0,0.0,0.0,0.0014778605127039163,0.0038367532541351674,17,31,35186.0,2005-2009
FOREST GLEN,"Census Tract 1201, Cook County, Illinois",0.8221804671819618,0.014348550198573685,0.0018362727932698466,0.09591322543451339,0.001409232608788487,0.04714523636674211,0.01716701541615066,17,31,23417.0,2005-2009
FULLER PARK,"Census Tract 3701, Cook County, Illinois",0.006632499246306904,0.9740729574917094,0.009345794392523364,0.003316249623153452,0.0,0.0,0.006632499246306904,17,31,3317.0,2005-2009
GAGE PARK,"Census Tract 6301, Cook County, Illinois",0.3566694179735374,0.05752732547960281,0.00030014256771966684,0.004552162277081614,0.0,0.5635927065356044,0.017358245166454067,17,31,39981.0,2005-2009
GARFIELD RIDGE,"Census Tract 8208, Cook County, Illinois",0.6941572131312117,0.07983636181106314,0.0005772512799919687,0.022813974500552153,0.0,0.18223571930529064,0.020379479971890373,17,31,39844.0,2005-2009
GRAND BOULEVARD,"Census Tract 3801, Cook County, Illinois",0.03834320613491298,0.9396151903384304,0.0,0.0018368002938880471,0.00041328006612481057,0.007668641226982596,0.01212288193966111,17,31,21777.0,2005-2009
GREATER GRAND CROSSING,"Census Tract 6901, Cook County, Illinois",0.015267583077539037,0.9761377285466435,0.0005872147337515014,0.0010142799946616843,0.0,0.0042973441879087144,0.002695849459495529,17,31,37465.0,2005-2009
HEGEWISCH,"Census Tract 5501, Cook County, Illinois",0.6935661764705883,0.08501838235294118,0.002022058823529412,0.0007352941176470588,0.0,0.17582720588235295,0.04283088235294118,17,31,10880.0,2005-2009
HERMOSA,"Census Tract 2001, Cook County, Illinois",0.32298541826554106,0.02306216423637759,0.0016500383729854183,0.025825019186492708,0.0,0.6111665387567152,0.015310821181887951,17,31,26060.0,2005-2009
HUMBOLDT PARK,"Census Tract 2301, Cook County, Illinois",0.24934646746187006,0.42584353305749356,0.0015927150598133754,0.004345342174056056,0.0,0.30497030971383066,0.013901632532936309,17,31,57763.0,2005-2009
HYDE PARK,"Census Tract 4101, Cook County, Illinois",0.5125344153021302,0.34071149108824805,0.0027532241704100856,0.1114331256339661,0.0,0.01242573540066657,0.020142008404579047,17,31,27604.0,2005-2009
IRVING PARK,"Census Tract 1608, Cook County, Illinois",0.5309364834788564,0.03608971066598185,0.0012497859955487075,0.07478171545968156,0.0,0.3323403526793357,0.02460195172059579,17,31,58410.0,2005-2009
JEFFERSON PARK,"Census Tract 1101, Cook County, Illinois",0.790052755796196,0.0030195751770095793,0.0027419130917673193,0.07000555324170485,0.0,0.10797584339858392,0.026204359294738303,17,31,28812.0,2005-2009
KENWOOD,"Census Tract 3901, Cook County, Illinois",0.191494124230554,0.7203133743704533,0.0012870733072188024,0.05517627308337997,0.0,0.003973139339675433,0.027756015668718523,17,31,17870.0,2005-2009
LAKE VIEW,"Census Tract 601, Cook County, Illinois",0.8619461508299568,0.03521326188297826,0.0006970766348625452,0.05751971419857971,0.00015248551387618176,0.03286062824031717,0.011610682699429269,17,31,91812.0,2005-2009
LINCOLN PARK,"Census Tract 701, Cook County, Illinois",0.8557495900342358,0.05013090134929083,0.00381196236945827,0.05512241433873241,0.0003164648004833281,0.021907995051641302,0.012960672056158118,17,31,69518.0,2005-2009
LINCOLN SQUARE,"Census Tract 401, Cook County, Illinois",0.6738424739449855,0.04835127285152913,0.0036611261624075564,0.13021405384296209,0.004905909057626126,0.12213516877791608,0.016889995362573528,17,31,40971.0,2005-2009
LOGAN SQUARE,"Census Tract 2201, Cook County, Illinois",0.5874168104510722,0.07207296031550407,0.0008010845452304659,0.031735272368745376,0.0006408676361843727,0.28684988908060144,0.020483115602662066,17,31,81140.0,2005-2009
LOOP,"Census Tract 3201, Cook County, Illinois",0.6974907527741677,0.12021393581925423,0.00044986504048785366,0.12521243626911926,0.0,0.027841647505748277,0.028791362591222634,17,31,20006.0,2005-2009
LOWER WEST SIDE,"Census Tract 3101, Cook County, Illinois",0.3455719507964885,0.03041865677615604,0.007177735677882434,0.005363289484216986,0.0,0.597006163780452,0.014462203484804013,17,31,37477.0,2005-2009
MCKINLEY PARK,"Census Tract 5901, Cook County, Illinois",0.42613636363636365,0.014451581027667984,0.003767292490118577,0.13339920948616601,0.0,0.388278162055336,0.033967391304347824,17,31,16192.0,2005-2009
MONTCLARE,"Census Tract 1801, Cook County, Illinois",0.6152102225886232,0.025899972519923056,0.0019236053860950811,0.016625446551250343,0.0,0.32605111294311623,0.014289640010992031,17,31,14556.0,2005-2009
MORGAN PARK,"Census Tract 7501, Cook County, Illinois",0.4016918387616014,0.5525531696290968,0.0,0.011438747902325422,0.0,0.017329360594540908,0.016986883112435357,17,31,29199.0,2005-2009
MOUNT GREENWOOD,"Census Tract 7401, Cook County, Illinois",0.921074168797954,0.04695652173913043,0.0,0.0,0.0,0.023682864450127877,0.008286445012787724,17,31,19550.0,2005-2009
NEAR NORTH SIDE,"Census Tract 801, Cook County, Illinois",0.7554771869994316,0.1297602438898362,0.0017955872474551748,0.08226114814240686,0.0001291789386658399,0.020500697566268794,0.010075957215935514,17,31,77412.0,2005-2009
NEAR SOUTH SIDE,"Census Tract 3301, Cook County, Illinois",0.4557243201056613,0.36909407456324667,0.004322507054091373,0.12961517680254547,0.0005403133817614216,0.025694903043765385,0.015008705048928378,17,31,16657.0,2005-2009
NEAR WEST SIDE,"Census Tract 2801, Cook County, Illinois",0.42100641417226636,0.40422648136835676,0.002844379963347587,0.1178413255956017,0.00045815516188149055,0.030333689676237018,0.023289554062309103,17,31,52384.0,2005-2009
NEW CITY,"Census Tract 6101, Cook County, Illinois",0.33455999659654123,0.3168407394014167,0.006530386505285997,0.010252919529471825,0.00025525940737274256,0.31669183808044926,0.014868860479462254,17,31,47011.0,2005-2009
NORTH CENTER,"Census Tract 501, Cook County, Illinois",0.8457383820004044,0.02356814834069838,0.0024838979868873293,0.039655720186003524,0.0,0.06642982988187043,0.022124021604135978,17,31,34623.0,2005-2009
NORTH LAWNDALE,"Census Tract 2901, Cook County, Illinois",0.038021135115746486,0.9176944513423282,0.0008553375824297105,0.004607786331153602,0.0,0.032420053527577736,0.006401236100764285,17,31,36243.0,2005-2009
NORTH PARK,"Census Tract 1301, Cook County, Illinois",0.547093355498987,0.02363759156319809,0.0038963063016260583,0.2757026339030599,0.0,0.107953659930386,0.041716452802743,17,31,19249.0,2005-2009
NORWOOD PARK,"Census Tract 1001, Cook County, Illinois",0.8627393727036037,0.0044042144195440055,0.0022386062242986107,0.050392972723069814,0.0,0.06435992894858505,0.015864904980898847,17,31,41097.0,2005-2009
OAKLAND,"Census Tract 3601, Cook County, Illinois",0.027256637168141595,0.9302654867256637,0.0,0.0,0.0,0.018761061946902656,0.023716814159292034,17,31,2825.0,2005-2009
OHARE,"Census Tract 8116, Cook County, Illinois",0.8072723751422277,0.013097053768126468,0.0014041203670080132,0.07047231704069529,0.0,0.09688430532355291,0.01086982835838962,17,31,41307.0,2005-2009
PORTAGE PARK,"Census Tract 1501, Cook County, Illinois",0.6569728019287275,0.016740751902358172,0.004414977774429293,0.054350937994424774,0.0,0.235847208619001,0.03167332178105929,17,31,66365.0,2005-2009
PULLMAN,"Census Tract 5001, Cook County, Illinois",0.12784810126582277,0.840632911392405,0.001139240506329114,0.0,0.0,0.030379746835443037,0.0,17,31,7900.0,2005-2009
RIVERDALE,"Census Tract 5401, Cook County, Illinois",0.018046441191317517,0.9719838465421504,0.0,0.007950530035335688,0.0,0.0005047955577990914,0.001514386673397274,17,31,7924.0,2005-2009
ROGERS PARK,"Census Tract 101, Cook County, Illinois",0.47812917594654786,0.27802227171492205,0.0017282850779510022,0.06505122494432071,0.0,0.14840089086859687,0.02866815144766147,17,31,56125.0,2005-2009
ROSELAND,"Census Tract 4901, Cook County, Illinois",0.009953243834406919,0.9749362871992455,0.0016655629803543836,0.0014448257178977786,0.0,0.0022876407200048163,0.009712439548090623,17,31,49833.0,2005-2009
SOUTH CHICAGO,"Census Tract 4601, Cook County, Illinois",0.1130014944246465,0.7253994712035866,0.0011495574203931487,0.000804690194275204,0.0016955971950798942,0.1404184389010231,0.017530750660995516,17,31,34796.0,2005-2009
SOUTH DEERING,"Census Tract 5101, Cook County, Illinois",0.17201692524682652,0.621607898448519,0.0,0.0032157968970380818,0.0,0.19057827926657264,0.012581100141043723,17,31,17725.0,2005-2009
SOUTH LAWNDALE,"Census Tract 3001, Cook County, Illinois",0.37525218560860796,0.1386115565671719,0.0015131136516476126,0.0006854275516010553,0.0,0.4774972841549842,0.006440432465987274,17,31,77324.0,2005-2009
SOUTH SHORE,"Census Tract 4301, Cook County, Illinois",0.01950931126219332,0.9507648536801655,0.0014225539462015963,0.0034362991427726868,0.0,0.007149719184156075,0.01771726278451079,17,31,54128.0,2005-2009
UPTOWN,"Census Tract 310, Cook County, Illinois",0.5866489096054603,0.19374063592475446,0.0025470284667887463,0.1100049941734643,0.0,0.08711503246212751,0.019943399367404694,17,31,60070.0,2005-2009
WASHINGTON HEIGHTS,"Census Tract 7301, Cook County, Illinois",0.009063230191885577,0.9769524888479785,0.00046024215818168946,0.0015223394462932805,0.0,0.001062097288111591,0.010939602067549388,17,31,28246.0,2005-2009
WASHINGTON PARK,"Census Tract 4001, Cook County, Illinois",0.006111971314481298,0.9865536631081412,0.0013853801646157608,0.0007334365577377557,0.0,0.0008149295085975063,0.004400619346426534,17,31,12271.0,2005-2009
WEST ELSDON,"Census Tract 6201, Cook County, Illinois",0.46199791769412024,0.02126143898295797,0.0011507479861910242,0.006575702778234424,0.0,0.49169817524247905,0.017316017316017316,17,31,18249.0,2005-2009
WEST ENGLEWOOD,"Census Tract 6701, Cook County, Illinois",0.015285029176214888,0.9651539133927095,0.0002126201894682133,0.0009686030853551938,0.0006851094993975762,0.006473103546032271,0.011221621110822368,17,31,42329.0,2005-2009
WEST GARFIELD PARK,"Census Tract 2604, Cook County, Illinois",0.014586794019933555,0.9588870431893688,0.0019725913621262458,0.0024916943521594683,0.0,0.012562292358803987,0.009499584717607973,17,31,19264.0,2005-2009
WEST LAWN,"Census Tract 6501, Cook County, Illinois",0.35854097868507956,0.03836685679975983,0.006364455118583008,0.0021314920444311016,0.0,0.5550585409786851,0.03953767637346142,17,31,33310.0,2005-2009
WEST PULLMAN,"Census Tract 5301, Cook County, Illinois",0.02413763341868293,0.9448775856612676,0.0,0.005236053971633246,0.0,0.019735895739233004,0.006012831209183233,17,31,34759.0,2005-2009
WEST RIDGE,"Census Tract 201, Cook County, Illinois",0.5487172356253911,0.10511019954112494,0.0066050198150594455,0.2065493985955642,0.0004727803657095182,0.11032468886880345,0.022220677188347353,17,31,71915.0,2005-2009
WEST TOWN,"Census Tract 2401, Cook County, Illinois",0.6839984250874308,0.09663709845519605,0.004041503578293999,0.03670935914954721,0.0004168886212566876,0.16455520300159807,0.013641522106677167,17,31,86354.0,2005-2009
WOODLAWN,"Census Tract 4201, Cook County, Illinois",0.05373771892353695,0.9167876975651431,0.0021785561725758225,0.01046561298590346,0.0,0.005040580948312687,0.01178983340452798,17,31,23410.0,2005-2009
ALBANY PARK,"Census Tract 1406.01, Cook County, Illinois",0.5249574910258833,0.03975061401851502,0.0,0.1399584356697525,0.00098242962403174,0.25412809370867184,0.04022293595314566,17,31,52930.0,2010-2014
ARCHER HEIGHTS,"Census Tract 5704, Cook County, Illinois",0.6398771253036148,0.008715530790112874,0.0040720102871838835,0.023789112730390055,0.0,0.30282897556793825,0.020717245320760108,17,31,13998.0,2010-2014
ARMOUR SQUARE,"Census Tract 3404, Cook County, Illinois",0.1395667870036101,0.10931407942238267,0.0002888086642599278,0.703971119133574,0.004693140794223827,0.011768953068592058,0.0303971119133574,17,31,13850.0,2010-2014
ASHBURN,"Census Tract 7004.01, Cook County, Illinois",0.2888177719638394,0.4838935737812142,0.0021724403746875656,0.004555116914667477,0.0,0.20049522296713307,0.02006587399845827,17,31,42809.0,2010-2014
AUBURN GRESHAM,"Census Tract 7107, Cook County, Illinois",0.006112032933565772,0.9758039108609355,0.0017012875175904728,0.00264644724958518,0.00023103904559870618,0.0013022200751927075,0.012203062317531663,17,31,47611.0,2010-2014
AUSTIN,"Census Tract 2508, Cook County, Illinois",0.07609992879421529,0.8510094172157535,0.002126144557771961,0.004763767287460761,0.0005816810582583667,0.056583526391270775,0.008835534695269329,17,31,99711.0,2010-2014
AVALON PARK,"Census Tract 8343, Cook County, Illinois",0.026143790849673203,0.9641513170924936,0.0,0.0029708853238265003,0.0,0.0009902951079421667,0.005743711626064567,17,31,10098.0,2010-2014
AVONDALE,"Census Tract 2101, Cook County, Illinois",0.8308152465679883,0.028223023237978373,0.006109875501700028,0.033540404427742414,0.0,0.07600276094792545,0.025308689316665387,17,31,39117.0,2010-2014
BELMONT CRAGIN,"Census Tract 1908, Cook County, Illinois",0.42533736356852875,0.0402180374103631,0.0016820751495529222,0.01685869304025598,0.00021500208678495997,0.48714413992841693,0.028544688816097334,17,31,79069.0,2010-2014
BEVERLY,"Census Tract 7203, Cook County, Illinois",0.6038472526426054,0.3639177221217027,0.0012855918483953908,0.003952004570993239,0.0,0.008856299400057138,0.01814112941624607,17,31,21002.0,2010-2014
BRIDGEPORT,"Census Tract 8397, Cook County, Illinois",0.4903096527756035,0.029932057985534926,0.005353955978584176,0.3402736466389054,0.00018785810451172548,0.10739221641253639,0.026550612104323867,17,31,31939.0,2010-2014
BRIGHTON PARK,"Census Tract 5802, Cook County, Illinois",0.6142760027192387,0.014208021753908905,0.006367550419215953,0.06891003852254703,0.0,0.28463630183548605,0.011602084749603444,17,31,44130.0,2010-2014
BURNSIDE,"Census Tract 4701, Cook County, Illinois",0.0,1.0,0.0,0.0,0.0,0.0,0.0,17,31,2618.0,2010-2014
CALUMET HEIGHTS,"Census Tract 4805, Cook County, Illinois",0.0341044776119403,0.933955223880597,0.0005970149253731343,0.001417910447761194,0.0,0.020522388059701493,0.009402985074626866,17,31,13400.0,2010-2014
CHATHAM,"Census Tract 4408, Cook County, Illinois",0.007017432445305306,0.9765979741529863,0.0,0.0028577779189026134,0.0006033086717683294,0.0021592099831708633,0.01076429682786651,17,31,31493.0,2010-2014
CHICAGO LAWN,"Census Tract 6606, Cook County, Illinois",0.1482067042083385,0.49954701295010034,0.001936297585845487,0.007478727372852752,0.0,0.32547563640239463,0.017355621480468264,17,31,56293.0,2010-2014
CLEARING,"Census Tract 6405, Cook County, Illinois",0.71163912972354,0.007320464583674137,0.0010224112547030917,0.014845411418288892,0.0,0.22488957958449207,0.04028300343530181,17,31,24452.0,2010-2014
DOUGLAS,"Census Tract 3510, Cook County, Illinois",0.13268142048378795,0.7119917653113742,0.0007205352547606794,0.13113741636644363,0.00046320123520329385,0.007668553782810087,0.015337107565620175,17,31,19430.0,2010-2014
DUNNING,"Census Tract 1701, Cook County, Illinois",0.8627273360741412,0.01683970919564258,0.00225303695445149,0.03809258355979839,0.0008129514784103314,0.06608134160221123,0.013193041135344807,17,31,43053.0,2010-2014
EAST GARFIELD PARK,"Census Tract 8368, Cook County, Illinois",0.054314044694391,0.9174683044743722,0.0007893049183562725,0.0029105618864387547,0.0,0.013171525825070297,0.011346258201371417,17,31,20271.0,2010-2014
EAST SIDE,"Census Tract 5203, Cook County, Illinois",0.8266565567210076,0.028223598298159146,0.005518345338893804,0.0014322423016976283,0.0,0.1207296010783942,0.017439656261847594,17,31,23739.0,2010-2014
EDGEWATER,"Census Tract 301.02, Cook County, Illinois",0.6663524265620876,0.14084241487235566,0.0027527433161129754,0.1186319242807044,0.0005090689694181531,0.03414532976356575,0.0367660922357555,17,31,53038.0,2010-2014
EDISON PARK,"Census Tract 901, Cook County, Illinois",0.9511507322841808,0.010643136541435458,0.0,0.019830801419084873,0.0,0.008187028108796507,0.010188301646502319,17,31,10993.0,2010-2014
ENGLEWOOD,"Census Tract 6812, Cook County, Illinois",0.014690259002820822,0.9571381470491263,0.0043594534197897205,0.0029307249880939296,0.00043960874821408945,0.010733780268894018,0.009708026523061143,17,31,27297.0,2010-2014
FOREST GLEN,"Census Tract 1204, Cook County, Illinois",0.7750297651260959,0.0016776707435869683,0.0,0.13783959302954865,0.0,0.05612079229353826,0.02933217880723022,17,31,18478.0,2010-2014
FULLER PARK,"Census Tract 8355, Cook County, Illinois",0.039323633503735744,0.9001179709005112,0.0,0.0,0.0,0.05190719622493118,0.008651199370821865,17,31,2543.0,2010-2014
GAGE PARK,"Census Tract 6308, Cook County, Illinois",0.48109259305118746,0.03613085361927639,0.002847874000148585,0.009831356330947724,0.0,0.4577647903717095,0.012332532626730393,17,31,40381.0,2010-2014
GARFIELD RIDGE,"Census Tract 9801, Cook County, Illinois",0.7531876924848171,0.043807385660420806,0.0006332210805054256,0.01597444089456869,0.0,0.15594508246265434,0.030452177417033648,17,31,34743.0,2010-2014
GRAND BOULEVARD,"Census Tract 8436, Cook County, Illinois",0.03772580000887666,0.9237938839820692,0.0010208157649460744,0.004926545648218011,0.00039944964715281166,0.015977985886112468,0.01615551906262483,17,31,22531.0,2010-2014
GREATER GRAND CROSSING,"Census Tract 6913, Cook County, Illinois",0.014338336022405553,0.9644738043776067,0.00450546439769856,0.0006088465402295352,0.0,0.004870772321836281,0.011202776340223446,17,31,32849.0,2010-2014
HEGEWISCH,"Census Tract 5501, Cook County, Illinois",0.8622831441422146,0.04915399443135575,0.006746626686656672,0.003533947312058257,0.0,0.04594131505675734,0.03234097237095738,17,31,9338.0,2010-2014
HERMOSA,"Census Tract 2004.01, Cook County, Illinois",0.3855693348365276,0.0216621033982928,0.0015703011757126752,0.008213883072958608,0.0016910935738444193,0.5575777097761314,0.023715574166532454,17,31,24836.0,2010-2014
HUMBOLDT PARK,"Census Tract 2308, Cook County, Illinois",0.20148582958818673,0.4264514353847565,0.004695955241676603,0.005062826744932587,0.0,0.3412822159038797,0.021021737136567915,17,31,54515.0,2010-2014
HYDE PARK,"Census Tract 8362, Cook County, Illinois",0.4889537082050451,0.3083778966131907,0.0004321287743747637,0.13957759412304868,0.0,0.026737967914438502,0.03592070436990223,17,31,18513.0,2010-2014
IRVING PARK,"Census Tract 1605.02, Cook County, Illinois",0.7346255974508763,0.032359709683129755,0.0022304832713754648,0.07771286953443088,0.0006018764383076651,0.12338466985307134,0.02908479376880864,17,31,56490.0,2010-2014
JEFFERSON PARK,"Census Tract 1103, Cook County, Illinois",0.8206116774791473,0.012604263206672845,0.002298424467099166,0.0873401297497683,0.0,0.04526413345690454,0.03188137164040779,17,31,26975.0,2010-2014
KENWOOD,"Census Tract 3904, Cook County, Illinois",0.1523809523809524,0.7852587991718426,0.002401656314699793,0.025507246376811593,0.0,0.006956521739130435,0.027494824016563148,17,31,12075.0,2010-2014
LAKE VIEW,"Census Tract 628, Cook County, Illinois",0.8610993439657443,0.03474806223738594,0.0031141591197920843,0.0628899854596247,0.00019463494498700527,0.012365043563880334,0.02558877070858569,17,31,87343.0,2010-2014
LINCOLN PARK,"Census Tract 705, Cook County, Illinois",0.8685842519446255,0.041151764188564234,0.0010462312929295993,0.05531379357401707,0.0002880926748646723,0.011917939075980653,0.02169792724901821,17,31,65951.0,2010-2014
LINCOLN SQUARE,"Census Tract 401, Cook County, Illinois",0.7615242622702101,0.04131792550635952,0.004905555415075732,0.12129870786658913,0.0,0.04012946620476901,0.030824082736996484,17,31,39547.0,2010-2014
LOGAN SQUARE,"Census Tract 2226, Cook County, Illinois",0.8140571197083248,0.059482816825332525,0.003335358854905138,0.02791168725946931,0.00018904868003510904,0.0667341840523935,0.028289784619539533,17,31,74055.0,2010-2014
LOOP,"Census Tract 3204, Cook County, Illinois",0.661999869460218,0.1240454278441355,0.002708700476470204,0.1680373343776516,0.00039161934599569217,0.014522550747340253,0.02829449774818876,17,31,30642.0,2010-2014
LOWER WEST SIDE,"Census Tract 3105, Cook County, Illinois",0.5491866548500529,0.03928071128391321,0.000571771634409217,0.011664141341948027,0.0,0.37513936933588726,0.024157351553789418,17,31,34979.0,2010-2014
MCKINLEY PARK,"Census Tract 5907, Cook County, Illinois",0.49778102012280384,0.028512371572739986,0.0252294972338744,0.19423673171621375,0.0,0.22736944495106085,0.026870934403307192,17,31,16449.0,2010-2014
MONTCLARE,"Census Tract 1801, Cook County, Illinois",0.6307632398753894,0.04548286604361371,0.0007009345794392523,0.05763239875389408,0.0011682242990654205,0.24906542056074765,0.015186915887850467,17,31,12840.0,2010-2014
MORGAN PARK,"Census Tract 7502, Cook County, Illinois",0.30550767109119115,0.6531201516979831,0.001034304430270643,0.0022409929322530597,0.0,0.010903292535769694,0.02719358731253232,17,31,23204.0,2010-2014
MOUNT GREENWOOD,"Census Tract 7401, Cook County, Illinois",0.9094623304461513,0.04499645911641336,0.0022334804161900095,0.022334804161900094,0.0,0.008389170343738083,0.012583755515607125,17,31,18357.0,2010-2014
NEAR NORTH SIDE,"Census Tract 811, Cook County, Illinois",0.7491900647948164,0.10645248380129589,0.0037392008639308854,0.09993250539956804,0.0,0.01765658747300216,0.02302915766738661,17,31,74080.0,2010-2014
NEAR SOUTH SIDE,"Census Tract 8410, Cook County, Illinois",0.48508242132509877,0.2528495526996957,0.0011352799600381454,0.19340629399209844,0.0,0.023750056763998002,0.043776395259070885,17,31,22021.0,2010-2014
NEAR WEST SIDE,"Census Tract 2831, Cook County, Illinois",0.48803884616037624,0.3103787840201022,0.001205453403283587,0.14984974278001326,0.0005263247253773409,0.02589178084517564,0.024109068065671743,17,31,58899.0,2010-2014
NEW CITY,"Census Tract 8438, Cook County, Illinois",0.4895427664791577,0.2726813789124477,0.0026924371364007884,0.022284725227174382,0.0,0.19500937545074282,0.017789316794076637,17,31,41598.0,2010-2014
NORTH CENTER,"Census Tract 503, Cook County, Illinois",0.89395375556513,0.01898606922303605,0.0011776533103547322,0.0379721384460721,0.0,0.014189286227200918,0.03372109722820623,17,31,34815.0,2010-2014
NORTH LAWNDALE,"Census Tract 2916, Cook County, Illinois",0.05325211239929259,0.9088229514639419,0.00042107627094854446,0.002358027117311849,0.0,0.027762962131207367,0.007382870617297813,17,31,35623.0,2010-2014
NORTH PARK,"Census Tract 1302, Cook County, Illinois",0.6019492745597519,0.03948388525861114,0.0008306567726215528,0.24581902757780486,0.0,0.07165799091815261,0.04025916491305792,17,31,18058.0,2010-2014
NORWOOD PARK,"Census Tract 1001, Cook County, Illinois",0.9032779696321876,0.010935701364907088,0.0028230006029710025,0.037110124431288714,0.0005481554568875733,0.021597325001370387,0.023707723510387545,17,31,36486.0,2010-2014
OAKLAND,"Census Tract 3602, Cook County, Illinois",0.023284313725490197,0.9653799019607843,0.0,0.01133578431372549,0.0,0.0,0.0,17,31,3264.0,2010-2014
OHARE,"Census Tract 9800, Cook County, Illinois",0.8067595276815386,0.010605953475217422,0.001767658912536237,0.09608993848546984,0.0,0.04313087746588418,0.041646043979353745,17,31,14143.0,2010-2014
PORTAGE PARK,"Census Tract 1504.01, Cook County, Illinois",0.6733046704021606,0.014248684557716485,0.0013658869728529965,0.045943470905055336,0.0010865010011330653,0.2347773449019821,0.029273441259099447,17,31,64427.0,2010-2014
PULLMAN,"Census Tract 5002, Cook County, Illinois",0.13701578192252512,0.8282639885222381,0.0,0.006025824964131995,0.0,0.024533715925394547,0.004160688665710187,17,31,6970.0,2010-2014
RIVERDALE,"Census Tract 5401.01, Cook County, Illinois",0.020305980528511822,0.9642559109874826,0.0022253129346314327,0.0,0.0,0.011821974965229486,0.0013908205841446453,17,31,7190.0,2010-2014
ROGERS PARK,"Census Tract 102.01, Cook County, Illinois",0.5639369671919401,0.2824155952546549,0.0023845955129861095,0.06275460525008446,0.00035768932694791645,0.053951473481310734,0.03419907398207579,17,31,50323.0,2010-2014
ROSELAND,"Census Tract 4905, Cook County, Illinois",0.013644475568708066,0.9728691802019563,0.0,0.003388528700838096,0.0,0.0014231820543520004,0.008674633474145526,17,31,44267.0,2010-2014
SOUTH CHICAGO,"Census Tract 4602, Cook County, Illinois",0.1906830122591944,0.7422066549912434,0.000595446584938704,0.003712784588441331,0.00028021015761821365,0.046339754816112085,0.016182136602451838,17,31,28550.0,2010-2014
SOUTH DEERING,"Census Tract 5103, Cook County, Illinois",0.23410404624277456,0.6307000642260758,0.0019267822736030828,0.0023121387283236996,0.0009633911368015414,0.11483622350674373,0.015157353885677585,17,31,15570.0,2010-2014
SOUTH LAWNDALE,"Census Tract 3007, Cook County, Illinois",0.6431717457224791,0.11868662614398814,0.006297937734114516,0.0023325695311535244,0.0,0.22129224352025906,0.008218877348005653,17,31,72881.0,2010-2014
SOUTH SHORE,"Census Tract 4304, Cook County, Illinois",0.020327669902912623,0.9449079692556634,0.0017445388349514564,0.0019468042071197412,0.0006320792880258899,0.00798948220064725,0.022451456310679612,17,31,39552.0,2010-2014
UPTOWN,"Census Tract 317, Cook County, Illinois",0.6227109614886611,0.20580074729014836,0.003237024157448855,0.09775812955495543,0.0008508749213865562,0.034959860900447635,0.03468240168695202,17,31,54062.0,2010-2014
WASHINGTON HEIGHTS,"Census Tract 7303, Cook County, Illinois",0.012899564970682807,0.9633062228106677,0.006922640438812181,3.782863627766219e-05,0.0,0.005371666351428031,0.011462076792131643,17,31,26435.0,2010-2014
WASHINGTON PARK,"Census Tract 8361, Cook County, Illinois",0.008242465871039753,0.9631664806387911,0.010303082338799691,0.0009444492143899717,0.0,0.0018030394092899459,0.015540482527689534,17,31,11647.0,2010-2014
WEST ELSDON,"Census Tract 6201, Cook County, Illinois",0.6052700234803027,0.010905296112705453,0.0020349595617010175,0.013409861727106705,0.0,0.355909209496478,0.012470649621706235,17,31,19165.0,2010-2014
WEST ENGLEWOOD,"Census Tract 6701, Cook County, Illinois",0.01511437908496732,0.9409430438842203,0.0004376750700280112,0.00032096171802054155,0.0002626050420168067,0.028157096171802055,0.014764239028944911,17,31,34272.0,2010-2014
WEST GARFIELD PARK,"Census Tract 2606, Cook County, Illinois",0.019962933545141646,0.9589621392639661,0.0012708498808578236,0.0025946518400847235,0.0,0.01503839025681758,0.0021710352131321152,17,31,18885.0,2010-2014
WEST LAWN,"Census Tract 6503.01, Cook County, Illinois",0.4768049705768139,0.027840009558801566,0.010275711682647789,0.0042715894494727725,0.0,0.4601666816022941,0.02064103712996983,17,31,33477.0,2010-2014
WEST PULLMAN,"Census Tract 5305.01, Cook County, Illinois",0.03966619318181818,0.9358664772727273,0.0011363636363636363,0.0018110795454545454,0.0,0.01278409090909091,0.008735795454545454,17,31,28160.0,2010-2014
WEST RIDGE,"Census Tract 202, Cook County, Illinois",0.5693175748777716,0.11017680329777181,0.004012654240677084,0.23552773935551022,8.217039400703927e-05,0.04885029923718484,0.03203275859707747,17,31,73019.0,2010-2014
WEST TOWN,"Census Tract 2407, Cook County, Illinois",0.7471151223330448,0.08024288713101436,0.002656577995469586,0.03881687401416051,0.0,0.09856615946583806,0.03260237906047273,17,31,84319.0,2010-2014
WOODLAWN,"Census Tract 8439, Cook County, Illinois",0.08793367647636635,0.8566264586853168,0.0007072413657616596,0.0299005932969235,0.0,0.006208007543907901,0.018624022631723705,17,31,25451.0,2010-2014
ALBANY PARK,"Census Tract 1401, Cook County, Illinois",0.5744689394852026,0.054732361562863915,0.0025097377825964743,0.1503433321286592,0.0,0.1729108942697667,0.04503473477091113,17,31,49806.0,2015-2019
ARCHER HEIGHTS,"Census Tract 5701, Cook County, Illinois",0.5676089173830686,0.015517995045898295,0.0037884307154305696,0.06046918257321871,0.0015299431735392686,0.32733498470056827,0.023750546408276264,17,31,13726.0,2015-2019
ARMOUR SQUARE,"Census Tract 3406, Cook County, Illinois",0.156448515290294,0.08383808538927463,0.0006647953907519574,0.7302408036637613,0.0,0.021125720195006647,0.007682080070911508,17,31,13538.0,2015-2019
ASHBURN,"Census Tract 7002, Cook County, Illinois",0.28867976750622754,0.4605821570255559,0.0010148537687978596,0.009825629670633822,0.0003229080173447735,0.20400867238675155,0.03556601162468862,17,31,43356.0,2015-2019
AUBURN GRESHAM,"Census Tract 7101, Cook County, Illinois",0.0200396436428587,0.9576771439151365,0.001241586617003202,0.003550502080202139,0.0,0.011980221743013353,0.005510902001786142,17,31,45909.0,2015-2019
AUSTIN,"Census Tract 8313, Cook County, Illinois",0.11799161394262059,0.782933412997322,0.0008428734516201308,0.004971886436138999,0.0002560628207453562,0.08205746476468893,0.010946685586863977,17,31,93727.0,2015-2019
AVALON PARK,"Census Tract 8343, Cook County, Illinois",0.009574796664264388,0.9667455986821786,0.0,0.007206836198908679,0.0,0.003088644085246577,0.013384124369401833,17,31,9713.0,2015-2019
AVONDALE,"Census Tract 8311, Cook County, Illinois",0.746602654913689,0.025762107140983263,0.0028333070990083425,0.042578309460097594,0.0013904192245133532,0.1419276982003253,0.03890550396138307,17,31,38118.0,2015-2019
BELMONT CRAGIN,"Census Tract 1910, Cook County, Illinois",0.5713667765041157,0.03405809086398392,0.002849836516074859,0.0205340898970751,0.00019083726670144147,0.34227299907125863,0.028727369880790322,17,31,78601.0,2015-2019
BEVERLY,"Census Tract 7201, Cook County, Illinois",0.611540599262291,0.34399474508615024,0.0013137284624324189,0.008084482845737961,0.0006568642312162094,0.013490980748825224,0.020918599363346977,17,31,19791.0,2015-2019
BRIDGEPORT,"Census Tract 6007, Cook County, Illinois",0.4647365373480023,0.030718008106543137,0.008222350897510134,0.3979444122756225,0.0,0.07953097857556456,0.01884771279675738,17,31,34540.0,2015-2019
BRIGHTON PARK,"Census Tract 5807, Cook County, Illinois",0.45919014403478575,0.022329921188513454,0.011753782045475133,0.10279463719539814,0.00151734758583205,0.38155630038952804,0.020857867560467435,17,31,44156.0,2015-2019
BURNSIDE,"Census Tract 4701, Cook County, Illinois",0.024426719840478565,0.9626121635094715,0.0,0.0,0.0,0.0,0.01296111665004985,17,31,2006.0,2015-2019
CALUMET HEIGHTS,"Census Tract 4805, Cook County, Illinois",0.03808037456106125,0.9474834178696839,0.002262973078423722,0.0007023019898556379,0.0005462348809988295,0.0015606710885680843,0.009364026531408505,17,31,12815.0,2015-2019
CHATHAM,"Census Tract 4409, Cook County, Illinois",0.02289534020085898,0.9594406949333161,0.00038750928407659766,0.004004262602124843,0.0,0.0010333580908709272,0.012238834888752543,17,31,30967.0,2015-2019
CHICAGO LAWN,"Census Tract 6610, Cook County, Illinois",0.2775938619722698,0.4382886742483253,0.0004089422028353326,0.005160461131017292,0.0,0.2531546969933011,0.02539336345225113,17,31,51352.0,2015-2019
CLEARING,"Census Tract 6404, Cook County, Illinois",0.7203715566944267,0.024103139013452915,0.0040038436899423446,0.0054852658552210125,0.0,0.19446668802049968,0.0515695067264574,17,31,24976.0,2015-2019
DOUGLAS,"Census Tract 3510, Cook County, Illinois",0.1340326886151829,0.6674003652882499,0.005104669133142884,0.14911253688006368,0.0,0.013721725284503349,0.030628014798857302,17,31,21353.0,2015-2019
DUNNING,"Census Tract 1709, Cook County, Illinois",0.819472896766026,0.023224766946714236,0.002439866497870871,0.05975371158936586,0.0009667395557601565,0.07683277707446197,0.017309241569800897,17,31,43445.0,2015-2019
EAST GARFIELD PARK,"Census Tract 2705, Cook County, Illinois",0.07122492080253431,0.8884899683210137,0.0008447729672650475,0.006282998944033791,0.0,0.012143611404435059,0.021013727560718058,17,31,18940.0,2015-2019
EAST SIDE,"Census Tract 5204, Cook County, Illinois",0.8291952957045905,0.03949753403869662,0.0026978038190785315,0.00451039076002192,0.0,0.09197824895670868,0.03212072672090376,17,31,23723.0,2015-2019
EDGEWATER,"Census Tract 301.02, Cook County, Illinois",0.6847871207609146,0.12112187990687097,0.0035374591658093742,0.12613929647878427,0.0002526756547006696,0.0299240168209793,0.03423755121194073,17,31,55407.0,2015-2019
EDISON PARK,"Census Tract 901, Cook County, Illinois",0.9177911931818182,0.003728693181818182,0.0,0.034357244318181816,0.0,0.013316761363636364,0.030806107954545456,17,31,11264.0,2015-2019
ENGLEWOOD,"Census Tract 6814, Cook County, Illinois",0.02006893242005148,0.9495222721521749,0.003402992888617425,0.0029667117490510884,0.0,0.017320361240783563,0.006718729549321583,17,31,22921.0,2015-2019
FOREST GLEN,"Census Tract 1201, Cook County, Illinois",0.8075216673545192,0.011917044985555098,0.0,0.10735658274865868,0.0,0.035905901774659514,0.03729880313660751,17,31,19384.0,2015-2019
FULLER PARK,"Census Tract 8355, Cook County, Illinois",0.06394849785407725,0.927038626609442,0.0,0.0,0.0,0.006437768240343348,0.002575107296137339,17,31,2330.0,2015-2019
GAGE PARK,"Census Tract 6302, Cook County, Illinois",0.5310582208228828,0.04394578152516143,0.0015208922567906504,0.007817919846309834,0.0,0.39932760552857677,0.016329580020278563,17,31,37478.0,2015-2019
GARFIELD RIDGE,"Census Tract 5609, Cook County, Illinois",0.7195957749885774,0.05507028247372806,0.004784046012847045,0.012094498347085226,0.0,0.18112183191334963,0.02733356626441261,17,31,37207.0,2015-2019
GRAND BOULEVARD,"Census Tract 3801, Cook County, Illinois",0.04283884644260919,0.9167071501126176,0.003488936978315594,0.0074636753080422205,0.000662456388287771,0.006271253809124233,0.0225676809610034,17,31,22643.0,2015-2019
GREATER GRAND CROSSING,"Census Tract 6911, Cook County, Illinois",0.011940694550399682,0.9583734120534678,0.0007628777073866464,0.0001326743838933298,0.0007960463033599788,0.010315433347706392,0.017678861653786196,17,31,30149.0,2015-2019
HEGEWISCH,"Census Tract 5501, Cook County, Illinois",0.865991858290241,0.042468918472879306,0.0,0.0024205083067444164,0.0,0.06832434811310376,0.020794366817031576,17,31,9089.0,2015-2019
HERMOSA,"Census Tract 2001, Cook County, Illinois",0.525275754865636,0.05787658106554235,0.010519143137004387,0.024615646693070994,0.00046846386440100506,0.35624547506494614,0.02499893530939909,17,31,23481.0,2015-2019
HUMBOLDT PARK,"Census Tract 2307, Cook County, Illinois",0.2961671844519905,0.33184018495773426,0.005581244129759411,0.007134600101148761,0.0005057438046383931,0.32871541073621846,0.030055631818510224,17,31,55364.0,2015-2019
HYDE PARK,"Census Tract 4108, Cook County, Illinois",0.5508483676975945,0.23528780068728522,0.004134450171821306,0.15850515463917525,0.0,0.008054123711340205,0.043170103092783504,17,31,18624.0,2015-2019
IRVING PARK,"Census Tract 1609, Cook County, Illinois",0.7193162712497665,0.03577433215019615,0.0012142723706332896,0.08626938165514665,0.0006538389688025406,0.10640762189426489,0.050364281711189986,17,31,53530.0,2015-2019
JEFFERSON PARK,"Census Tract 1101, Cook County, Illinois",0.769225175435407,0.011416936334218085,0.003454168636148784,0.0957713703959568,0.0005453950478129659,0.08391811802348835,0.035668836126967966,17,31,27503.0,2015-2019
KENWOOD,"Census Tract 3904, Cook County, Illinois",0.20195517405817834,0.7063264981719918,0.003973931012557622,0.04164679701160388,0.0006358289620092195,0.004848195835320299,0.0406135749483389,17,31,12582.0,2015-2019
LAKE VIEW,"Census Tract 8319, Cook County, Illinois",0.843202279075461,0.04222076317868708,0.0008568789575010294,0.07010827834099331,0.000656569590812477,0.009759517476992243,0.03319571337955286,17,31,89861.0,2015-2019
LINCOLN PARK,"Census Tract 8325, Cook County, Illinois",0.8326927229540056,0.050111566976175054,0.0004318721658389117,0.07232419203915641,0.0002303318217807529,0.014093428345209817,0.030115885697833442,17,31,69465.0,2015-2019
LINCOLN SQUARE,"Census Tract 8308, Cook County, Illinois",0.761940954326295,0.0375270170771679,0.003918960644134622,0.0925112224782082,0.0,0.044652400066503575,0.05944944540769066,17,31,42103.0,2015-2019
LOGAN SQUARE,"Census Tract 8309, Cook County, Illinois",0.8060919524543854,0.04769572990160623,0.005581560380474092,0.04043560735292111,0.0004776396413608636,0.05753510651364002,0.04218240375561227,17,31,73277.0,2015-2019
LOOP,"Census Tract 8390, Cook County, Illinois",0.6850601474582848,0.07967921355581425,0.003802871556072953,0.184503945155866,0.0,0.011822532660716596,0.035131289613245374,17,31,38655.0,2015-2019
LOWER WEST SIDE,"Census Tract 3104, Cook County, Illinois",0.5169111224889317,0.03824955576303346,0.014878173659006717,0.04023732795229347,0.0,0.3572267566183779,0.032497063518356774,17,31,33203.0,2015-2019
MCKINLEY PARK,"Census Tract 5906, Cook County, Illinois",0.43269420834156946,0.017065296171838967,0.0035580154180668115,0.2393094814521974,0.0,0.2760097515978125,0.03136324701851486,17,31,15177.0,2015-2019
MONTCLARE,"Census Tract 8316, Cook County, Illinois",0.6542370505362024,0.02712553445012967,0.0058877129039041146,0.03210205369033434,0.0,0.22891988504941474,0.051727763370014716,17,31,14267.0,2015-2019
MORGAN PARK,"Census Tract 7502, Cook County, Illinois",0.3280285035629454,0.6304038004750594,0.001520190023752969,0.0028978622327790974,0.0,0.004133016627078385,0.0330166270783848,17,31,21050.0,2015-2019
MOUNT GREENWOOD,"Census Tract 7403, Cook County, Illinois",0.9192287649817613,0.03751954142782699,0.0,0.018447107868681607,0.0,0.009900990099009901,0.014903595622720167,17,31,19190.0,2015-2019
NEAR NORTH SIDE,"Census Tract 8383, Cook County, Illinois",0.7404442274835246,0.09166463265804246,0.0006224066390041493,0.1280205028069319,9.76324139614352e-05,0.010702953380522334,0.02844764461801318,17,31,81940.0,2015-2019
NEAR SOUTH SIDE,"Census Tract 3302, Cook County, Illinois",0.5642363217275264,0.2478062194184965,0.0005661369242589672,0.1403210805127583,0.0,0.01880383355574427,0.02826640786121558,17,31,24729.0,2015-2019
NEAR WEST SIDE,"Census Tract 2831, Cook County, Illinois",0.4956624980212126,0.27038151021054296,0.001962957099889188,0.17875573848345733,0.001108120943485832,0.017255026119993667,0.034874149121418396,17,31,63170.0,2015-2019
NEW CITY,"Census Tract 6119, Cook County, Illinois",0.48099119165738585,0.2358509668927812,0.00865647463804799,0.019489723600283487,0.00035435861091424523,0.23261111673585097,0.022046167864736257,17,31,39508.0,2015-2019
NORTH CENTER,"Census Tract 501, Cook County, Illinois",0.8642208029710492,0.022114059027093944,0.0013786118222997496,0.04965816053793996,0.0011253974059589793,0.02045409785330445,0.04104887038235377,17,31,35543.0,2015-2019
NORTH LAWNDALE,"Census Tract 8386, Cook County, Illinois",0.07776010974963365,0.8655255199077105,0.0029931718267701807,0.0019330901381224082,0.0,0.041530259096436255,0.010257849281326973,17,31,32073.0,2015-2019
NORTH PARK,"Census Tract 8318, Cook County, Illinois",0.6444432695357936,0.027651475097811146,0.00364809136089669,0.252511367241197,0.0,0.04605054457015967,0.025695252194141906,17,31,18914.0,2015-2019
NORWOOD PARK,"Census Tract 1004, Cook County, Illinois",0.8748813416306297,0.009940934500580107,0.0017403227507646873,0.04284885560594874,0.0006064761101149667,0.042216010969307036,0.027766058432654783,17,31,37924.0,2015-2019
OAKLAND,"Census Tract 3602, Cook County, Illinois",0.03866279069767442,0.9392441860465116,0.0,0.015116279069767442,0.0,0.0069767441860465115,0.0,17,31,3440.0,2015-2019
OHARE,"Census Tract 7608.01, Cook County, Illinois",0.7833760982816266,0.022704299821164762,0.0,0.12425161340486743,0.0,0.031490552834149754,0.038177435658191435,17,31,12861.0,2015-2019
PORTAGE PARK,"Census Tract 8317, Cook County, Illinois",0.6920362201068029,0.017459948920362203,0.007290457394938472,0.055816113303923845,0.0004024456311431004,0.17670458942806283,0.05029022521476666,17,31,64605.0,2015-2019
PULLMAN,"Census Tract 5001, Cook County, Illinois",0.14853801169590644,0.8146198830409357,0.0,0.0013157894736842105,0.0,0.003947368421052632,0.031578947368421054,17,31,6840.0,2015-2019
RIVERDALE,"Census Tract 5401.01, Cook County, Illinois",0.03764098382932464,0.9548851746161163,0.0,0.0029895366218236174,0.0,0.0035330887348824567,0.0009512161978529692,17,31,7359.0,2015-2019
ROGERS PARK,"Census Tract 8306, Cook County, Illinois",0.546317297361824,0.28673749552345706,0.0015120767179976921,0.0495603040070033,0.0001392702240261032,0.07289801440452032,0.042835541761171464,17,31,50262.0,2015-2019
ROSELAND,"Census Tract 4903, Cook County, Illinois",0.017976609979061337,0.9580205301057148,0.0012512129104744396,0.0042132679638425,0.0,0.007047648230427455,0.011490730810479546,17,31,39162.0,2015-2019
SOUTH CHICAGO,"Census Tract 4601, Cook County, Illinois",0.18111972207375734,0.7707776590058792,0.0016702298236237307,0.00347407803313736,0.0,0.03173436664885088,0.01122394441475147,17,31,29936.0,2015-2019
SOUTH DEERING,"Census Tract 8388, Cook County, Illinois",0.30791599353796445,0.657059773828756,0.0,0.0,0.0,0.030823909531502422,0.00420032310177706,17,31,15475.0,2015-2019
SOUTH LAWNDALE,"Census Tract 8305, Cook County, Illinois",0.48321022215446874,0.13142176088252006,0.004393198165112186,0.0013165735826045984,0.0002217387086491955,0.36708843216874315,0.012348074337902075,17,31,72157.0,2015-2019
SOUTH SHORE,"Census Tract 4304, Cook County, Illinois",0.02737375997613187,0.9518162154098605,0.0019392854479003505,0.0013674448671092217,0.0,0.008677059247656696,0.00882623505134134,17,31,40221.0,2015-2019
UPTOWN,"Census Tract 8307, Cook County, Illinois",0.6377015547906882,0.18065752216890757,0.005832584479221418,0.10729242611777073,0.0001865070618355686,0.03424947862798623,0.03407992675359026,17,31,58979.0,2015-2019
WASHINGTON HEIGHTS,"Census Tract 7307, Cook County, Illinois",0.021426968813102985,0.9632787375663749,0.0015705631590756115,0.001607957520005983,0.0,0.0002991548874429736,0.011816618053997457,17,31,26742.0,2015-2019
WASHINGTON PARK,"Census Tract 8345, Cook County, Illinois",0.02880846020603519,0.9300756677910474,0.0009116601331023794,0.0,0.0,0.007657945118059987,0.03254626675175495,17,31,10969.0,2015-2019
WEST ELSDON,"Census Tract 6203, Cook County, Illinois",0.5677088779671651,0.01673115131234968,0.025515005751333263,0.0281292481438879,0.0,0.3511450381679389,0.010770678657325106,17,31,19126.0,2015-2019
WEST ENGLEWOOD,"Census Tract 6702, Cook County, Illinois",0.060274804524405985,0.8784635238745919,0.0006832156684126623,0.0009109542245502164,0.0,0.04649662187808396,0.013170879829955212,17,31,26346.0,2015-2019
WEST GARFIELD PARK,"Census Tract 2605, Cook County, Illinois",0.03825769113615596,0.9326226012793177,0.0008528784648187633,0.0,0.0,0.01486445324398416,0.013402375875723424,17,31,16415.0,2015-2019
WEST LAWN,"Census Tract 6501, Cook County, Illinois",0.5915448786301198,0.02922912877124757,0.004265194756319388,0.005990089694536787,0.00021953208304585083,0.35238035501474,0.016370821049990592,17,31,31886.0,2015-2019
WEST PULLMAN,"Census Tract 5303, Cook County, Illinois",0.053907059345863546,0.9192319076513246,0.0005549800207192541,0.0,0.00036998668047950276,0.0070667455971585025,0.01886932070445464,17,31,27028.0,2015-2019
WEST RIDGE,"Census Tract 203.02, Cook County, Illinois",0.5261896872530778,0.11768154359850126,0.00568399051818622,0.23930109856498355,0.00021665434710575282,0.05738791323630617,0.05353911248183927,17,31,78466.0,2015-2019
WEST TOWN,"Census Tract 2423, Cook County, Illinois",0.7887818331602134,0.07438184271165395,0.0008715689434912903,0.051685232279093093,0.0005611471280012417,0.04807956349917022,0.03563881227837673,17,31,83757.0,2015-2019
WOODLAWN,"Census Tract 4205, Cook County, Illinois",0.09386572210594107,0.8361777491547255,0.0022540653678956688,0.036024794719046856,0.0,0.008573498631460312,0.023104170020930608,17,31,24844.0,2015-2019
ALBANY PARK,Census Tract 1401; Cook County; Illinois,0.4490904894782116,0.04661897069005308,0.015924301869374567,0.14839603046388183,2.098063487401129e-05,0.16536936407695696,0.17457986278664792,17,31,47663.0,2018-2022
ARCHER HEIGHTS,Census Tract 5701; Cook County; Illinois,0.4493401600923055,0.0007211365111415591,0.0077882743203288385,0.048965169106511865,0.0,0.2667483954712627,0.22643686449844955,17,31,13867.0,2018-2022
ARMOUR SQUARE,Census Tract 3403; Cook County; Illinois,0.1917683620101569,0.11710755703782309,0.008034563783824755,0.6380656408701584,0.00462366406427651,0.01591753202455848,0.02448268020920185,17,31,13193.0,2018-2022
ASHBURN,Census Tract 7001; Cook County; Illinois,0.2640308808047725,0.42285647444145513,0.01625921160369634,0.01020002339454907,0.0,0.18144812258743712,0.10520528716808983,17,31,42745.0,2018-2022
AUBURN GRESHAM,Census Tract 7101; Cook County; Illinois,0.016333821124214512,0.9341051906688473,0.0025609021261943704,0.008608074373762589,0.0,0.02134802444693122,0.017043987260049926,17,31,46468.0,2018-2022
AUSTIN,Census Tract 2502; Cook County; Illinois,0.10380543347982421,0.7349081102676788,0.005253695565321614,0.0067718737514982025,0.00020974830203755493,0.0845185777067519,0.06453256092688774,17,31,100120.0,2018-2022
AVALON PARK,Census Tract 4503; Cook County; Illinois,0.0027987975536436197,0.9400850005182958,0.0,0.0068415051311288486,0.0,0.028195293873743133,0.022079402923188555,17,31,9647.0,2018-2022
AVONDALE,Census Tract 2101; Cook County; Illinois,0.530681255842085,0.025512728872271403,0.007230439324792434,0.04813878044757244,0.0004123824709957662,0.21482377522406115,0.17320063781822181,17,31,36374.0,2018-2022
BELMONT CRAGIN,Census Tract 1901; Cook County; Illinois,0.37734319038802017,0.04514062521117433,0.013434066305361463,0.026219405062777906,0.00031084861672365556,0.3480693597870011,0.18948250462894137,17,31,73991.0,2018-2022
BEVERLY,Census Tract 7201; Cook County; Illinois,0.5736312623224307,0.3347656842424549,0.0004549820534856681,0.008897426823719731,0.001162731914463374,0.014003336535058895,0.06708457610838683,17,31,19781.0,2018-2022
BRIDGEPORT,Census Tract 6004; Cook County; Illinois,0.4064296679810963,0.028325456789380213,0.004635622046296017,0.4024562776556997,0.0,0.08332079106589206,0.07483218446163571,17,31,33221.0,2018-2022
BRIGHTON PARK,Census Tract 5801; Cook County; Illinois,0.3316052363705229,0.019269464763392752,0.020216367208768318,0.1043013043581185,0.0030300878252018087,0.33307293516085507,0.18850460431314064,17,31,42243.0,2018-2022
BURNSIDE,Census Tract 4701; Cook County; Illinois,0.017809439002671415,0.9002671415850401,0.0,0.0,0.0,0.0,0.0819234194122885,17,31,2246.0,2018-2022
CALUMET HEIGHTS,Census Tract 4801; Cook County; Illinois,0.010755356995118722,0.9496980226689832,0.0015719367915942748,0.0014064697609001407,0.0,0.013071895424836602,0.023496318358567057,17,31,12087.0,2018-2022
CHATHAM,Census Tract 4401.01; Cook County; Illinois,0.013241440924029227,0.9451517181966115,0.0022015889729108833,0.0035416866085957693,0.0,0.008614913372259978,0.027248651925592674,17,31,31341.0,2018-2022
CHICAGO LAWN,Census Tract 6603.01; Cook County; Illinois,0.2063700823421775,0.3760864592863678,0.015362915523025312,0.0052607502287282705,0.0,0.24258539188777067,0.15433440073193047,17,31,52464.0,2018-2022
CLEARING,Census Tract 6401; Cook County; Illinois,0.563207699773536,0.019653833710773214,0.019370753801358782,0.0071983176965383375,0.0014962795211905533,0.19876253639598834,0.1903105791006147,17,31,24728.0,2018-2022
DOUGLAS,Census Tract 3501; Cook County; Illinois,0.11482088503863264,0.6548817607117771,0.01002107234839616,0.1323811753687661,0.0,0.0389604308124561,0.048934675719971905,17,31,21355.0,2018-2022
DUNNING,Census Tract 1701; Cook County; Illinois,0.6695635834077136,0.029924366984544558,0.005284915676234321,0.057593836613895805,9.395405646638794e-05,0.12519378024146194,0.11234556301968338,17,31,42574.0,2018-2022
EAST GARFIELD PARK,Census Tract 2705; Cook County; Illinois,0.07783528465906236,0.8511130093965127,0.0023616903673182254,0.0017587055926837848,0.0006532335058539772,0.024973619416109743,0.04130445706245917,17,31,19901.0,2018-2022
EAST SIDE,Census Tract 5201; Cook County; Illinois,0.46065491604711384,0.014284520925570128,0.025394703867680227,0.006139837941692423,0.0,0.3283351432628853,0.16519087795505805,17,31,23942.0,2018-2022
EDGEWATER,Census Tract 301.01; Cook County; Illinois,0.5894390543102487,0.12867551392141557,0.0018029069551317794,0.13321066131370582,0.0020073603211776514,0.03483141890636036,0.11003308427196015,17,31,53802.0,2018-2022
EDISON PARK,Census Tract 901; Cook County; Illinois,0.8698473951938256,0.004385195579722855,0.0,0.015611296263813365,0.0,0.04534292229433433,0.06481319066830381,17,31,11402.0,2018-2022
ENGLEWOOD,Census Tract 6805; Cook County; Illinois,0.02904855458882964,0.9139769856862194,0.0009355412105903266,0.007811769108429226,0.0,0.02409018617270091,0.024136963233230425,17,31,21378.0,2018-2022
FOREST GLEN,Census Tract 1201; Cook County; Illinois,0.7805086879879124,0.00972047343238479,0.0,0.11065222865776883,0.0,0.03661546210022664,0.06250314782170738,17,31,19855.0,2018-2022
FULLER PARK,Census Tract 8355; Cook County; Illinois,0.05182072829131653,0.8688141923436041,0.0032679738562091504,0.00046685340802987864,0.0,0.008870214752567693,0.06676003734827264,17,31,2142.0,2018-2022
GAGE PARK,Census Tract 6303; Cook County; Illinois,0.39450385190295506,0.04044498102794067,0.015321375186846039,0.0075888237323214905,0.0,0.3761929400942854,0.16594802805565137,17,31,34788.0,2018-2022
GARFIELD RIDGE,Census Tract 5601; Cook County; Illinois,0.6043515288041538,0.03299359907694843,0.01387324524051537,0.016592950743111453,0.0011263426828933272,0.16752287025081727,0.1635394632015604,17,31,36401.0,2018-2022
GRAND BOULEVARD,Census Tract 3801; Cook County; Illinois,0.053963648087695965,0.8846975375811067,0.0015314552855358078,0.008221496796034337,0.0009672349171805102,0.009712650626687623,0.04090597670575908,17,31,24813.0,2018-2022
GREATER GRAND CROSSING,Census Tract 6903; Cook County; Illinois,0.012003725294056777,0.9474319616432686,0.006346797281915077,0.0025525162981614984,3.4493463488668896e-05,0.018350522575971855,0.013279983443137525,17,31,28991.0,2018-2022
HEGEWISCH,Census Tract 5501; Cook County; Illinois,0.5360664819944598,0.13795013850415513,0.00110803324099723,0.006648199445983379,0.0,0.22637119113573406,0.09185595567867036,17,31,9025.0,2018-2022
HERMOSA,Census Tract 2001; Cook County; Illinois,0.3582933886081962,0.04685408299866131,0.0045774495832793536,0.0301420736710282,0.00047501835298181973,0.35285226929222263,0.20680571749363044,17,31,23157.0,2018-2022
HUMBOLDT PARK,Census Tract 2301; Cook County; Illinois,0.2669626100765122,0.3600945575285116,0.01490544247148838,0.024234878013570087,0.0,0.21226721524469466,0.12153529666522304,17,31,55416.0,2018-2022
HYDE PARK,Census Tract 4102; Cook County; Illinois,0.4816624685138539,0.24080604534005037,0.0007556675062972292,0.1653904282115869,0.0,0.02171284634760705,0.08967254408060453,17,31,19850.0,2018-2022
IRVING PARK,Census Tract 1601; Cook County; Illinois,0.5819834278889221,0.038724246043595104,0.003825768886234697,0.09495371752762019,0.002612720214989549,0.14243057629143027,0.13546954314720813,17,31,53584.0,2018-2022
JEFFERSON PARK,Census Tract 1101; Cook County; Illinois,0.6636948801420539,0.025710269310446877,0.0024415507546611424,0.12603580941106837,0.0016277005031074283,0.07661290322580645,0.10387688665285587,17,31,27032.0,2018-2022
KENWOOD,Census Tract 3901; Cook County; Illinois,0.18186878727634195,0.72,0.002147117296222664,0.035864811133200794,0.0005566600397614314,0.008508946322067595,0.05105367793240557,17,31,12575.0,2018-2022
LAKE VIEW,Census Tract 601; Cook County; Illinois,0.7871290961170525,0.041417369858771744,0.002256113071078621,0.07169794627354265,0.0009732252463476405,0.02750467258712025,0.06902157684608663,17,31,90421.0,2018-2022
LINCOLN PARK,Census Tract 701.01; Cook County; Illinois,0.8239771921446041,0.03622338962937235,0.0004631036628605334,0.06745394289352957,0.00010130392625074169,0.021433016396764062,0.05034805134661862,17,31,69099.0,2018-2022
LINCOLN SQUARE,Census Tract 401; Cook County; Illinois,0.6810815925812023,0.03846608786165456,0.006623926569042606,0.10314399943223486,0.0,0.06309290057013082,0.10759149298573491,17,31,42271.0,2018-2022
LOGAN SQUARE,Census Tract 2203; Cook County; Illinois,0.646435879002378,0.06040203506055411,0.006719017862080407,0.04675662224188464,0.0010783608914450035,0.07278936017253775,0.16581872476912016,17,31,72332.0,2018-2022
LOOP,Census Tract 3201.01; Cook County; Illinois,0.5908665498788126,0.08651100285570301,0.009263036644189005,0.22262484701591034,0.0,0.02572532456624511,0.06500923903913992,17,31,41671.0,2018-2022
LOWER WEST SIDE,Census Tract 3102; Cook County; Illinois,0.3905423956538248,0.03288839559540847,0.020737798288401436,0.038992902415515375,0.0,0.3353097526068289,0.18152875544002103,17,31,34237.0,2018-2022
MCKINLEY PARK,Census Tract 5905; Cook County; Illinois,0.33761870921894177,0.021900639576200014,0.016538536081142193,0.27863557077330575,0.0,0.24006718780282965,0.1052393565475806,17,31,15479.0,2018-2022
MONTCLARE,Census Tract 1801; Cook County; Illinois,0.5136941518343625,0.06705412277515438,0.0052306574645840905,0.03240101707228478,0.0,0.2799854703959317,0.10163458045768253,17,31,13765.0,2018-2022
MORGAN PARK,Census Tract 7501; Cook County; Illinois,0.3114200212375712,0.6095665604788107,0.0024616275702287866,0.010184380731730861,0.0,0.014383627763297616,0.05198378221836084,17,31,20718.0,2018-2022
MOUNT GREENWOOD,Census Tract 7401; Cook County; Illinois,0.8906437947806077,0.017990690863448563,0.0008367763192301658,0.010564301030280844,0.0,0.01861827310287119,0.061346163903561526,17,31,19121.0,2018-2022
NEAR NORTH SIDE,Census Tract 801; Cook County; Illinois,0.7094296269598126,0.07173589836006487,0.005541539016038926,0.13167913137502252,9.010632546404758e-05,0.01992476121823752,0.061598936745359524,17,31,88784.0,2018-2022
NEAR SOUTH SIDE,Census Tract 3301.01; Cook County; Illinois,0.5399418769492487,0.23911964842642472,0.0020201304224553443,0.15275021264530764,0.0,0.013715622341933655,0.052452509214629996,17,31,28216.0,2018-2022
NEAR WEST SIDE,Census Tract 2801; Cook County; Illinois,0.47269788505817234,0.24589439014348669,0.0017993016269956237,0.1777344047818728,0.0013418520608102957,0.03482716030557631,0.06570500602308596,17,31,65581.0,2018-2022
NEW CITY,Census Tract 6103; Cook County; Illinois,0.30810270902358217,0.20653868641590334,0.012814266224907426,0.02433736113817969,0.000730851685831222,0.3242301695575911,0.12324595595400507,17,31,41048.0,2018-2022
NORTH CENTER,Census Tract 501; Cook County; Illinois,0.7850282012620763,0.025325291785335345,0.00047467470821466466,0.06329926844250852,0.0006142849165130954,0.02970905232590607,0.09554922655944603,17,31,35814.0,2018-2022
NORTH LAWNDALE,Census Tract 2909; Cook County; Illinois,0.08395540793843928,0.7914104376993654,0.005130060179552106,0.0019402150679075274,0.0,0.0781347627347167,0.03942911638001907,17,31,30409.0,2018-2022
NORTH PARK,Census Tract 1301; Cook County; Illinois,0.5285596453242603,0.027683266316115063,0.007938962779668006,0.3148262707495618,0.0,0.04686050108258583,0.07413135374780905,17,31,19398.0,2018-2022
NORWOOD PARK,Census Tract 1001; Cook County; Illinois,0.7709912017494788,0.012943091084778518,0.0036616996389157302,0.07104714438285104,0.0,0.044499822000711994,0.096857041143264,17,31,39326.0,2018-2022
OAKLAND,Census Tract 3602; Cook County; Illinois,0.05792110206637445,0.9229805886036319,0.0015654351909830933,0.011271133375078271,0.0,0.0,0.006261740763932373,17,31,3194.0,2018-2022
OHARE,Census Tract 7608.01; Cook County; Illinois,0.6656742429743664,0.07414131145160119,0.0018154091932321545,0.15263960496695955,0.0,0.04168179507661027,0.06404763633723042,17,31,13771.0,2018-2022
PORTAGE PARK,Census Tract 1502; Cook County; Illinois,0.5957516390761995,0.018236182704436797,0.01597807297587716,0.06129599925248781,0.00014015853487611544,0.18798374160995437,0.12061420584616822,17,31,64213.0,2018-2022
PULLMAN,Census Tract 5001; Cook County; Illinois,0.16394399066511084,0.7726079346557759,0.0,0.0007292882147024504,0.0,0.03558926487747958,0.027129521586931157,17,31,6856.0,2018-2022
RIVERDALE,Census Tract 5401.01; Cook County; Illinois,0.023538441857490086,0.9513880005117052,0.002174747345528975,0.0,0.0,0.004093642062172189,0.01880516822310349,17,31,7817.0,2018-2022
ROGERS PARK,Census Tract 101; Cook County; Illinois,0.4590928607673992,0.26330067528006557,0.008958195089581952,0.051797494047386705,0.0,0.10261914984972091,0.11423162496584566,17,31,51238.0,2018-2022
ROSELAND,Census Tract 4902; Cook County; Illinois,0.017734645041212443,0.9533900558362137,0.0014889657006115396,0.002233448550917309,0.0,0.005530444030842861,0.019622440840202073,17,31,37610.0,2018-2022
SOUTH CHICAGO,Census Tract 4601; Cook County; Illinois,0.09651987464951345,0.7557974600032987,0.004057397328055418,0.005178954313046347,0.0,0.09935675408213755,0.03908955962394854,17,31,30315.0,2018-2022
SOUTH DEERING,Census Tract 5101; Cook County; Illinois,0.20653173873045078,0.6423971612564069,0.00952819030095939,6.57116572479958e-05,0.001314233144959916,0.09363911157839401,0.046523853331581023,17,31,15218.0,2018-2022
SOUTH LAWNDALE,Census Tract 3005; Cook County; Illinois,0.3160756297698973,0.12176507717908992,0.014948069088196477,0.008564296780857291,0.00045905778389854825,0.3359442244792563,0.20224364491880414,17,31,69708.0,2018-2022
SOUTH SHORE,Census Tract 4301.01; Cook County; Illinois,0.03205845253111836,0.9419282671299712,0.00023799890520503604,0.0024989885046528787,0.0006425970440535973,0.009258157412475902,0.013375538472523027,17,31,42017.0,2018-2022
UPTOWN,Census Tract 310; Cook County; Illinois,0.5897431435333426,0.19772379228734513,0.004193930112766254,0.09764374216901016,0.00041765279131282193,0.04051232075734373,0.0697654183488793,17,31,57464.0,2018-2022
WASHINGTON HEIGHTS,Census Tract 7301; Cook County; Illinois,0.018559117024493497,0.9654520713637739,0.00328847898397339,0.0009071666162685213,0.0,0.003590867856062897,0.00820229815542788,17,31,26456.0,2018-2022
WASHINGTON PARK,Census Tract 4003; Cook County; Illinois,0.019569788128740093,0.9457383147339479,0.0008086689309396733,0.0,0.0,0.011159631246967491,0.022723596959404818,17,31,12366.0,2018-2022
WEST ELSDON,Census Tract 6201; Cook County; Illinois,0.4284547533485789,0.0070238484155504734,0.04110857018403572,0.0378416639442448,0.0,0.27806816944353696,0.20750299466405314,17,31,18366.0,2018-2022
WEST ENGLEWOOD,Census Tract 6701; Cook County; Illinois,0.04675616948626416,0.7988902685084588,0.010825702312587305,0.0030653422318795594,0.0025221170262300172,0.09161105075275493,0.046329349681825234,17,31,25772.0,2018-2022
WEST GARFIELD PARK,Census Tract 2601; Cook County; Illinois,0.030597288384023452,0.9206058385244901,6.107243190423842e-05,0.0007328691828508611,0.0,0.03920850128252107,0.008794430194210334,17,31,16374.0,2018-2022
WEST LAWN,Census Tract 6501; Cook County; Illinois,0.4226544762839786,0.028624900288396638,0.01804013008529177,0.007854206295637234,0.005246364361538933,0.3280971958029085,0.18948272688224826,17,31,32594.0,2018-2022
WEST PULLMAN,Census Tract 5301; Cook County; Illinois,0.035797084364808045,0.8922943927069826,0.0,0.0,0.0,0.031081771385909073,0.04082675154230029,17,31,25449.0,2018-2022
WEST RIDGE,Census Tract 201; Cook County; Illinois,0.46635967955592,0.11750457326688955,0.008604049706680123,0.2107866019050022,0.00021447044723396202,0.08780672427931621,0.10872390083895793,17,31,79265.0,2018-2022
WEST TOWN,Census Tract 2402; Cook County; Illinois,0.7124189129060209,0.07058382707664926,0.0016627245263576966,0.05943654715346245,0.0002458958806585326,0.05441324559143814,0.10123884686541298,17,31,85402.0,2018-2022
WOODLAWN,Census Tract 4201; Cook County; Illinois,0.11017173051519155,0.7848273259105492,0.0023023211926778636,0.03351575769013021,0.0,0.033968673334591436,0.035214191356859784,17,31,26495.0,2018-2022
